datetime,time,open,high,low,close,tick_volume,spread,real_volume
2006-04-18 12:00:00,1145361600,1.94,1.94,1.94,1.94,1,0,6
2006-04-25 11:30:00,1145964600,1.85,1.85,1.85,1.85,1,0,6
2006-05-11 12:30:00,1147350600,2.11,2.11,2.11,2.11,2,0,66
2006-05-23 12:00:00,1148385600,2.29,2.29,2.29,2.29,1,0,52
2006-05-24 12:00:00,1148472000,2.2,2.2,2.2,2.2,1,0,16
2006-05-31 11:45:00,1149075900,2.2,2.2,2.2,2.2,1,0,80
2006-06-06 12:00:00,1149595200,2.2,2.2,2.2,2.2,1,0,12
2006-06-23 12:45:00,1151066700,2.29,2.29,2.29,2.29,1,0,50
2006-06-27 10:15:00,1151403300,2.29,2.29,2.29,2.29,1,0,80
2006-06-28 11:15:00,1151493300,2.2,2.2,2.2,2.2,1,0,30
2006-07-03 10:00:00,1151920800,2.2,2.2,2.2,2.2,1,0,22
2006-07-03 12:00:00,1151928000,2.34,2.34,2.34,2.34,1,0,80
2006-07-04 12:15:00,1152015300,2.34,2.34,2.34,2.34,1,0,80
2006-07-10 11:30:00,1152531000,2.31,2.31,2.31,2.31,1,0,64
2006-07-12 11:30:00,1152703800,2.2,2.2,2.2,2.2,3,0,102
2006-07-13 12:30:00,1152793800,2.2,2.2,2.2,2.2,1,0,48
2006-07-14 11:45:00,1152877500,2.2,2.2,2.2,2.2,1,0,2
2006-07-26 12:00:00,1153915200,2.2,2.2,2.2,2.2,1,0,30
2006-07-31 13:30:00,1154352600,2.2,2.2,2.2,2.2,1,0,30
2006-08-03 15:45:00,1154619900,2.2,2.2,2.2,2.2,2,0,90
2006-08-17 12:00:00,1155816000,2.13,2.13,2.13,2.13,1,0,6
2006-08-22 12:00:00,1156248000,2.13,2.13,2.13,2.13,2,0,76
2006-08-28 12:30:00,1156768200,2.13,2.13,2.13,2.13,1,0,96
2006-08-31 11:30:00,1157023800,2.13,2.13,2.13,2.13,1,0,26
2006-09-01 12:45:00,1157114700,2.13,2.13,2.13,2.13,1,0,28
2006-09-04 12:15:00,1157372100,1.85,1.85,1.85,1.85,1,0,12
2006-09-06 13:00:00,1157547600,2.13,2.13,2.13,2.13,1,0,90
2006-09-12 12:45:00,1158065100,2.13,2.13,2.13,2.13,1,0,16
2006-09-14 11:30:00,1158233400,2.03,2.03,2.03,2.03,1,0,86
2006-09-15 12:30:00,1158323400,2.03,2.03,2.03,2.03,1,0,12
2006-09-18 12:15:00,1158581700,2.13,2.13,2.13,2.13,1,0,60
2006-09-19 12:45:00,1158669900,2.03,2.03,2.03,2.03,1,0,24
2006-09-20 11:30:00,1158751800,2.13,2.13,2.13,2.13,1,0,80
2006-09-22 12:15:00,1158927300,2.03,2.03,2.03,2.03,1,0,32
2006-09-29 12:30:00,1159533000,2.03,2.03,2.03,2.03,2,0,86
2006-10-05 14:15:00,1160057700,2.03,2.03,2.03,2.03,1,0,64
2006-10-06 14:15:00,1160144100,2.13,2.13,2.13,2.13,1,0,72
2006-10-19 11:00:00,1161255600,2.17,2.17,2.17,2.17,1,0,88
2006-10-20 11:15:00,1161342900,2.13,2.13,2.13,2.13,1,0,90
2006-10-24 12:15:00,1161692100,2.13,2.13,2.13,2.13,1,0,93
2006-10-25 12:30:00,1161779400,2.16,2.16,2.16,2.16,1,0,26
2006-10-27 11:45:00,1161949500,2.03,2.03,2.03,2.03,1,0,6
2006-11-10 12:45:00,1163162700,2.16,2.16,2.16,2.16,1,0,86
2006-11-13 13:45:00,1163425500,2.13,2.13,2.13,2.13,1,0,96
2006-11-14 16:00:00,1163520000,2.04,2.04,2.04,2.04,1,0,10
2006-11-24 17:15:00,1164388500,2.09,2.09,2.08,2.08,2,0,94
2006-12-11 13:00:00,1165842000,2.13,2.13,2.13,2.13,1,0,26
2006-12-13 12:15:00,1166012100,2.08,2.08,2.08,2.08,1,0,19
2007-01-08 13:15:00,1168262100,2.16,2.16,2.16,2.16,1,0,86
2007-01-09 13:45:00,1168350300,2.13,2.13,2.13,2.13,1,0,44
2007-01-11 13:30:00,1168522200,2.13,2.13,2.13,2.13,1,0,34
2007-01-15 13:15:00,1168866900,2.06,2.06,2.06,2.06,1,0,48
2007-01-18 14:45:00,1169131500,2.06,2.06,2.06,2.06,1,0,51
2007-01-18 16:15:00,1169136900,2.06,2.06,2.06,2.06,1,0,33
2007-01-30 12:15:00,1170159300,2.13,2.13,2.13,2.13,1,0,18
2007-01-31 16:15:00,1170260100,2.17,2.17,2.17,2.17,1,0,62
2007-02-01 13:45:00,1170337500,2.32,2.32,2.32,2.32,1,0,50
2007-02-08 12:15:00,1170936900,2.45,2.45,2.45,2.45,1,0,72
2007-02-09 15:00:00,1171033200,2.17,2.17,2.17,2.17,1,0,19
2007-03-01 12:45:00,1172753100,2.45,2.45,2.45,2.45,1,0,36
2007-03-02 15:15:00,1172848500,2.83,2.83,2.83,2.83,1,0,42
2007-03-05 15:30:00,1173108600,2.93,2.93,2.93,2.93,1,0,80
2007-03-06 13:00:00,1173186000,2.83,2.83,2.83,2.83,1,0,78
2007-03-08 12:45:00,1173357900,2.83,2.83,2.83,2.83,1,0,21
2007-03-08 13:00:00,1173358800,2.83,2.83,2.83,2.83,1,0,33
2007-03-15 12:30:00,1173961800,2.93,2.93,2.93,2.93,1,0,86
2007-03-16 16:15:00,1174061700,2.74,2.74,2.74,2.74,1,0,40
2007-03-16 16:30:00,1174062600,2.74,2.74,2.74,2.74,2,0,80
2007-03-21 14:45:00,1174488300,2.79,2.79,2.79,2.79,1,0,48
2007-03-23 13:15:00,1174655700,2.9699999999999998,2.9699999999999998,2.9699999999999998,2.9699999999999998,1,0,54
2007-04-13 14:30:00,1176474600,3.02,3.02,3.02,3.02,1,0,92
2007-04-19 14:15:00,1176992100,3.32,3.32,3.32,3.32,1,0,66
2007-04-20 12:45:00,1177073100,3.31,3.31,3.31,3.31,1,0,68
2007-04-24 14:45:00,1177425900,3.21,3.21,3.21,3.21,1,0,4
2007-04-27 15:30:00,1177687800,3.26,3.26,3.21,3.21,2,0,12
2007-04-30 15:45:00,1177947900,3.21,3.21,3.21,3.21,1,0,80
2007-05-02 12:45:00,1178109900,3.21,3.21,3.21,3.21,1,0,12
2007-05-04 16:00:00,1178294400,3.31,3.31,3.31,3.31,1,0,14
2007-05-11 14:00:00,1178892000,3.44,3.44,3.44,3.44,1,0,72
2007-05-15 14:45:00,1179240300,3.39,3.39,3.39,3.39,1,0,78
2007-05-16 12:45:00,1179319500,3.49,3.49,3.49,3.49,1,0,80
2007-05-16 13:15:00,1179321300,3.4,3.4,3.4,3.4,1,0,10
2007-05-18 12:15:00,1179490500,3.59,3.59,3.59,3.59,1,0,22
2007-05-18 14:00:00,1179496800,3.77,3.77,3.77,3.77,1,0,2
2007-05-21 12:30:00,1179750600,3.4,3.4,3.4,3.4,1,0,23
2007-05-30 11:15:00,1180523700,3.49,3.49,3.49,3.49,1,0,74
2007-06-06 13:45:00,1181137500,3.4,3.4,3.4,3.4,1,0,66
2007-06-06 15:00:00,1181142000,3.4,3.4,3.4,3.4,1,0,14
2007-06-12 12:45:00,1181652300,3.45,3.45,3.45,3.45,1,0,54
2007-06-13 13:30:00,1181741400,3.39,3.39,3.39,3.39,1,0,48
2007-06-14 14:15:00,1181830500,3.54,3.54,3.54,3.54,1,0,30
2007-06-15 13:45:00,1181915100,3.54,3.54,3.54,3.54,1,0,18
2007-06-18 13:00:00,1182171600,3.49,3.49,3.49,3.49,1,0,18
2007-06-21 15:00:00,1182438000,3.7199999999999998,3.7199999999999998,3.7199999999999998,3.7199999999999998,1,0,86
2007-06-21 18:45:00,1182451500,3.7199999999999998,3.7199999999999998,3.7199999999999998,3.7199999999999998,1,0,20
2007-06-22 13:00:00,1182517200,3.77,3.77,3.77,3.77,1,0,60
2007-06-22 13:15:00,1182518100,3.77,3.77,3.77,3.77,1,0,44
2007-07-02 16:45:00,1183394700,3.76,3.76,3.76,3.76,1,0,25
2007-07-04 15:15:00,1183562100,3.68,3.68,3.68,3.68,1,0,4
2007-07-16 10:00:00,1184580000,4.44,4.44,4.44,4.44,1,0,50
2007-07-19 15:30:00,1184859000,4.24,4.24,4.24,4.24,1,0,44
2007-07-24 15:15:00,1185290100,4.39,4.39,4.39,4.39,1,0,76
2007-07-26 15:00:00,1185462000,4.36,4.36,4.36,4.36,1,0,45
2007-08-02 16:15:00,1186071300,4.62,4.62,4.62,4.62,1,0,1
2007-08-07 16:15:00,1186503300,4.24,4.24,4.24,4.24,1,0,53
2007-08-10 16:00:00,1186761600,3.7,3.7,3.7,3.7,1,0,18
2007-08-17 10:45:00,1187347500,4.06,4.06,4.06,4.06,1,0,50
2007-08-21 12:00:00,1187697600,4.3,4.3,4.3,4.3,1,0,10
2007-08-21 14:00:00,1187704800,4.3,4.3,4.3,4.3,1,0,2
2007-08-21 15:30:00,1187710200,4.12,4.12,4.11,4.11,2,0,20
2007-08-22 16:00:00,1187798400,3.87,3.87,3.86,3.86,2,0,34
2007-08-27 15:45:00,1188229500,4.06,4.06,4.06,4.06,1,0,44
2007-08-31 15:15:00,1188573300,4.06,4.06,4.06,4.06,1,0,10
2007-08-31 16:00:00,1188576000,3.96,3.96,3.96,3.96,1,0,4
2007-09-10 15:45:00,1189439100,3.88,3.88,3.88,3.88,1,0,72
2007-09-17 14:15:00,1190038500,3.88,3.88,3.88,3.88,2,0,40
2007-09-18 12:15:00,1190117700,4.16,4.16,4.16,4.16,1,0,20
2007-09-19 12:30:00,1190205000,4.35,4.35,4.35,4.35,1,0,12
2007-09-19 15:15:00,1190214900,3.91,3.91,3.91,3.91,2,0,74
2007-09-25 15:15:00,1190733300,3.96,3.96,3.93,3.93,2,0,28
2007-09-27 15:00:00,1190905200,3.94,3.94,3.93,3.93,2,0,72
2007-10-01 14:30:00,1191249000,4.35,4.35,4.35,4.35,1,0,10
2007-10-01 16:15:00,1191255300,4.16,4.16,4.16,4.16,2,0,78
2007-10-02 14:45:00,1191336300,4.11,4.11,4.11,4.11,1,0,10
2007-10-02 16:15:00,1191341700,4.06,4.06,4.06,4.06,1,0,76
2007-10-04 12:15:00,1191500100,4.07,4.07,4.06,4.06,2,0,86
2007-10-04 15:15:00,1191510900,4.32,4.33,4.32,4.33,5,0,198
2007-10-16 12:30:00,1192537800,3.96,3.96,3.88,3.88,3,0,82
2007-11-01 15:15:00,1193930100,4.59,4.59,4.59,4.59,1,0,24
2007-11-05 16:30:00,1194280200,4.54,4.54,4.54,4.54,1,0,56
2007-11-06 17:00:00,1194368400,4.45,4.45,4.45,4.45,1,0,32
2007-11-06 17:15:00,1194369300,4.54,4.54,4.54,4.54,1,0,28
2007-11-07 16:45:00,1194453900,3.89,3.89,3.89,3.89,1,0,6
2007-11-08 15:45:00,1194536700,3.89,3.89,3.89,3.89,1,0,30
2007-11-13 16:45:00,1194972300,4.35,4.35,4.35,4.35,1,0,30
2007-11-19 15:45:00,1195487100,4.35,4.35,4.35,4.35,1,0,22
2007-11-19 16:15:00,1195488900,4.35,4.35,4.35,4.35,1,0,68
2007-11-21 16:30:00,1195662600,3.9,3.9,3.9,3.9,1,0,22
2007-11-27 13:15:00,1196169300,4.06,4.06,4.06,4.06,1,0,2
2007-11-27 17:45:00,1196185500,3.87,3.87,3.87,3.87,1,0,58
2007-12-03 16:15:00,1196698500,4.35,4.35,4.35,4.35,1,0,10
2007-12-04 14:30:00,1196778600,4.02,4.02,4.02,4.02,1,0,32
2007-12-05 14:45:00,1196865900,4.07,4.07,4.07,4.07,1,0,20
2007-12-10 12:30:00,1197289800,4.07,4.07,4.07,4.07,1,0,1
2007-12-11 15:45:00,1197387900,4.07,4.07,4.07,4.07,1,0,30
2007-12-12 15:00:00,1197471600,4.07,4.07,4.07,4.07,1,0,44
2007-12-14 17:45:00,1197654300,4.16,4.16,4.16,4.16,1,0,80
2007-12-17 13:30:00,1197898200,4.35,4.35,4.35,4.35,1,0,20
2007-12-17 16:45:00,1197909900,4.07,4.07,4.07,4.07,1,0,2
2007-12-17 17:00:00,1197910800,4.07,4.07,4.07,4.07,1,0,58
2007-12-19 15:30:00,1198078200,3.96,3.96,3.96,3.96,1,0,70
2007-12-21 13:00:00,1198242000,3.96,3.96,3.96,3.96,1,0,42
2007-12-27 14:00:00,1198764000,4.25,4.25,4.25,4.25,1,0,58
2007-12-27 17:00:00,1198774800,3.7199999999999998,3.7199999999999998,3.7199999999999998,3.7199999999999998,1,0,16
2007-12-28 15:30:00,1198855800,3.69,3.69,3.69,3.69,1,0,1
2008-01-03 11:00:00,1199358000,4.4,4.4,4.4,4.4,1,0,22
2008-01-03 18:45:00,1199385900,4.4,4.4,4.4,4.4,1,0,1
2008-01-08 15:45:00,1199807100,4.06,4.06,4.06,4.06,1,0,44
2008-01-11 14:15:00,1200060900,3.87,3.87,3.87,3.87,1,0,26
2008-01-14 13:15:00,1200316500,4.06,4.06,4.06,4.06,1,0,88
2008-01-16 15:15:00,1200496500,3.88,3.88,3.88,3.88,1,0,84
2008-01-18 17:30:00,1200677400,4.0,4.5,4.0,4.5,3,0,100
2008-02-01 15:15:00,1201878900,3.6,3.6,3.6,3.6,1,0,6
2008-02-13 17:15:00,1202922900,4.01,4.01,4.01,4.01,1,0,88
2008-02-14 17:15:00,1203009300,4.0,4.0,4.0,4.0,1,0,68
2008-02-19 12:30:00,1203424200,4.3,4.3,4.3,4.3,1,0,10
2008-02-19 13:15:00,1203426900,4.3,4.3,4.3,4.3,1,0,8
2008-02-20 13:15:00,1203513300,4.29,4.3,4.29,4.3,3,0,100
2008-02-21 16:30:00,1203611400,4.2,4.2,4.2,4.2,1,0,12
2008-02-22 16:30:00,1203697800,4.07,4.07,4.07,4.07,1,0,4
2008-02-25 17:15:00,1203959700,4.07,4.07,4.07,4.07,1,0,70
2008-02-28 11:30:00,1204198200,4.1,4.1,4.1,4.1,1,0,44
2008-02-28 14:00:00,1204207200,4.76,4.76,4.76,4.76,1,0,5
2008-02-29 14:15:00,1204294500,4.2,4.2,4.2,4.2,1,0,58
2008-03-03 17:15:00,1204564500,4.07,4.07,4.07,4.07,2,0,40
2008-03-04 15:15:00,1204643700,4.2,4.2,4.2,4.2,1,0,84
2008-03-06 11:00:00,1204801200,4.3,4.3,4.3,4.3,1,0,10
2008-03-07 13:45:00,1204897500,4.5,4.5,4.5,4.5,1,0,16
2008-03-17 16:15:00,1205770500,4.07,4.07,4.07,4.07,1,0,55
2008-03-18 14:15:00,1205849700,4.07,4.07,4.07,4.07,1,0,18
2008-03-19 13:45:00,1205934300,4.35,4.35,4.35,4.35,1,0,13
2008-03-19 18:15:00,1205950500,4.35,4.35,4.35,4.35,1,0,16
2008-03-28 11:15:00,1206702900,4.07,4.07,4.07,4.07,2,0,36
2008-04-08 12:15:00,1207656900,4.1,4.1,4.1,4.1,1,0,29
2008-04-14 10:00:00,1208167200,4.1,4.1,4.1,4.1,2,0,80
2008-04-15 11:15:00,1208258100,4.02,4.02,4.02,4.02,1,0,5
2008-04-22 14:15:00,1208873700,4.02,4.02,4.02,4.02,1,0,38
2008-04-23 11:15:00,1208949300,4.07,4.07,4.07,4.07,1,0,90
2008-04-29 13:00:00,1209474000,4.07,4.07,4.07,4.07,2,0,80
2008-05-02 14:30:00,1209738600,4.4,4.4,4.4,4.4,1,0,96
2008-05-06 13:00:00,1210078800,4.59,4.59,4.59,4.59,1,0,50
2008-05-07 15:30:00,1210174200,4.07,4.07,4.07,4.07,1,0,2
2008-05-09 10:30:00,1210329000,4.31,4.31,4.31,4.31,1,0,3
2008-05-09 11:15:00,1210331700,4.2,4.2,4.2,4.2,1,0,47
2008-05-13 12:30:00,1210681800,4.35,4.35,4.35,4.35,1,0,54
2008-05-14 12:15:00,1210767300,4.52,4.52,4.52,4.52,1,0,50
2008-05-16 16:15:00,1210954500,4.4,4.4,4.4,4.4,1,0,94
2008-05-19 14:30:00,1211207400,4.34,4.34,4.34,4.34,1,0,40
2008-05-27 16:15:00,1211904900,4.5,4.5,4.5,4.5,1,0,12
2008-05-29 11:45:00,1212061500,4.35,4.35,4.35,4.35,2,0,76
2008-05-30 13:45:00,1212155100,4.99,4.99,4.99,4.99,1,0,1
2008-06-04 12:45:00,1212583500,4.44,4.44,4.31,4.31,3,0,48
2008-06-09 10:00:00,1213005600,4.99,4.99,4.99,4.99,1,0,46
2008-06-12 14:00:00,1213279200,4.4,4.4,4.4,4.4,1,0,5
2008-06-12 14:15:00,1213280100,4.02,4.02,4.02,4.02,3,0,13
2008-06-18 10:45:00,1213785900,4.99,4.99,4.99,4.99,1,0,1
2008-06-20 11:15:00,1213960500,4.11,4.11,4.11,4.11,1,0,50
2008-06-20 11:30:00,1213961400,3.7199999999999998,3.7199999999999998,3.7199999999999998,3.7199999999999998,1,0,42
2008-06-27 12:30:00,1214569800,4.12,4.12,4.12,4.12,1,0,44
2008-07-02 13:00:00,1215003600,4.15,4.15,4.11,4.11,2,0,76
2008-07-07 11:00:00,1215428400,4.0,4.0,4.0,4.0,1,0,26
2008-07-07 15:30:00,1215444600,4.38,4.38,4.38,4.38,1,0,46
2008-07-07 15:45:00,1215445500,4.0,4.0,4.0,4.0,1,0,8
2008-07-25 13:00:00,1216990800,4.19,4.19,4.19,4.19,1,0,36
2008-08-08 15:00:00,1218207600,4.3,4.3,4.3,4.3,1,0,1
2008-08-11 12:00:00,1218456000,4.18,4.18,4.18,4.18,1,0,3
2008-08-11 14:45:00,1218465900,4.02,4.02,4.02,4.02,1,0,3
2008-08-11 15:15:00,1218467700,4.0,4.0,4.0,4.0,1,0,12
2008-08-12 16:30:00,1218558600,4.2,4.4,4.2,4.4,2,0,100
2008-08-18 16:15:00,1219076100,4.19,4.19,4.19,4.19,1,0,80
2008-08-18 18:30:00,1219084200,4.19,4.19,4.19,4.19,1,0,19
2008-08-19 14:30:00,1219156200,4.1,4.1,4.1,4.1,1,0,32
2008-08-20 11:15:00,1219230900,4.39,4.39,4.39,4.39,1,0,23
2008-08-20 13:45:00,1219239900,4.1,4.1,4.1,4.1,1,0,80
2008-08-25 12:00:00,1219665600,4.2,4.2,4.2,4.2,1,0,90
2008-08-26 13:00:00,1219755600,4.2,4.2,4.2,4.2,1,0,70
2008-08-27 13:15:00,1219842900,4.2,4.2,4.2,4.2,1,0,86
2008-08-29 16:30:00,1220027400,4.22,4.22,4.22,4.22,1,0,12
2008-09-03 14:15:00,1220451300,4.22,4.22,4.22,4.22,1,0,52
2008-09-04 18:45:00,1220553900,4.22,4.22,4.22,4.22,1,0,8
2008-09-09 10:00:00,1220954400,4.22,4.22,4.02,4.02,2,0,16
2008-09-09 10:45:00,1220957100,4.02,4.02,4.02,4.02,1,0,80
2008-09-09 14:30:00,1220970600,4.03,4.03,4.03,4.03,1,0,1
2008-09-12 12:45:00,1221223500,4.03,4.03,4.03,4.03,1,0,72
2008-09-17 14:45:00,1221662700,4.12,4.12,4.12,4.12,1,0,29
2008-09-23 13:15:00,1222175700,4.13,4.13,4.13,4.13,1,0,6
2008-09-24 11:45:00,1222256700,4.2,4.2,4.2,4.2,4,0,101
2008-10-01 10:45:00,1222857900,4.2,4.2,4.2,4.2,1,0,54
2008-10-09 16:45:00,1223570700,4.19,4.19,4.19,4.19,1,0,78
2008-10-15 15:00:00,1224082800,4.0,4.0,4.0,4.0,1,0,38
2008-10-16 12:30:00,1224160200,4.0,4.0,4.0,4.0,1,0,54
2008-10-22 12:45:00,1224679500,4.0,4.0,4.0,4.0,2,0,36
2008-10-23 12:30:00,1224765000,4.0,4.0,4.0,4.0,2,0,80
2008-11-11 12:45:00,1226407500,3.81,3.81,3.81,3.81,1,0,86
2008-11-17 12:15:00,1226924100,3.8,3.8,3.8,3.8,1,0,60
2008-12-08 12:15:00,1228738500,3.5,3.5,3.5,3.5,1,0,64
2008-12-12 15:30:00,1229095800,3.43,3.43,3.43,3.43,1,0,10
2008-12-12 16:00:00,1229097600,3.43,3.43,3.43,3.43,1,0,68
2008-12-15 12:30:00,1229344200,3.2,3.2,3.2,3.2,2,0,36
2009-01-07 12:15:00,1231330500,3.57,3.57,3.57,3.57,3,0,86
2009-01-14 16:15:00,1231949700,3.9,3.9,3.9,3.9,4,0,111
2009-01-23 13:45:00,1232718300,3.86,3.86,3.86,3.86,1,0,1
2009-01-23 14:30:00,1232721000,3.86,3.86,3.86,3.86,1,0,25
2009-01-27 13:15:00,1233062100,3.55,3.55,3.55,3.55,1,0,42
2009-02-06 18:00:00,1233943200,3.99,3.99,3.99,3.99,2,0,51
2009-02-17 13:30:00,1234877400,3.4,3.4,3.4,3.4,1,0,24
2009-03-11 16:30:00,1236789000,3.4,3.4,3.4,3.4,1,0,80
2009-03-26 12:15:00,1238069700,3.4,3.4,3.4,3.4,4,0,96
2009-04-01 15:00:00,1238598000,3.7,3.7,3.7,3.7,1,0,50
2009-04-06 16:00:00,1239033600,3.5,3.5,3.5,3.5,2,0,42
2009-04-15 11:30:00,1239795000,3.7199999999999998,3.7199999999999998,3.7199999999999998,3.7199999999999998,2,0,6
2009-04-27 14:45:00,1240843500,3.82,3.82,3.82,3.82,2,0,80
2009-04-29 17:00:00,1241024400,3.83,3.83,3.83,3.83,2,0,81
2009-05-04 16:00:00,1241452800,3.91,3.91,3.91,3.91,2,0,30
2009-05-06 15:30:00,1241623800,3.88,3.88,3.88,3.88,1,0,80
2009-05-11 14:45:00,1242053100,3.87,3.87,3.87,3.87,1,0,12
2009-05-11 15:00:00,1242054000,3.7,3.7,3.7,3.7,1,0,4
2009-05-26 16:45:00,1243356300,3.21,3.21,3.21,3.21,1,0,6
2009-05-28 10:45:00,1243507500,4.35,4.35,4.35,4.35,3,0,26
2009-05-28 16:00:00,1243526400,4.0,4.0,4.0,4.0,1,0,19
2009-05-29 16:15:00,1243613700,3.52,3.52,3.52,3.52,3,0,52
2009-06-02 16:00:00,1243958400,4.01,4.01,4.01,4.01,3,0,35
2009-06-04 10:15:00,1244110500,4.01,4.01,4.01,4.01,2,0,20
2009-06-04 16:00:00,1244131200,4.1,4.1,4.1,4.1,1,0,88
2009-06-08 13:45:00,1244468700,4.37,4.37,4.37,4.37,1,0,11
2009-06-08 15:15:00,1244474100,4.2,4.2,4.2,4.2,1,0,34
2009-06-17 15:45:00,1245253500,4.14,4.14,4.14,4.14,2,0,88
2009-06-18 17:00:00,1245344400,4.42,4.42,4.42,4.42,2,0,12
2009-06-24 17:00:00,1245862800,4.57,4.57,4.57,4.57,3,0,21
2009-06-25 14:30:00,1245940200,4.57,4.57,4.57,4.57,1,0,1
2009-06-29 17:00:00,1246294800,4.45,4.45,4.45,4.45,2,0,80
2009-07-02 11:30:00,1246534200,4.5600000000000005,4.5600000000000005,4.5600000000000005,4.5600000000000005,2,0,28
2009-07-16 15:30:00,1247758200,4.53,4.53,4.53,4.53,4,0,60
2009-07-20 16:00:00,1248105600,4.92,4.92,4.92,4.92,2,0,20
2009-07-21 16:30:00,1248193800,4.8,4.8,4.8,4.8,3,0,98
2009-07-23 17:00:00,1248368400,4.71,4.71,4.71,4.71,1,0,99
2009-07-24 17:00:00,1248454800,4.6,4.6,4.6,4.6,2,0,60
2009-08-03 14:15:00,1249308900,4.9,4.9,4.9,4.9,2,0,2
2009-08-03 16:15:00,1249316100,4.6,4.6,4.6,4.6,1,0,7
2009-08-04 17:00:00,1249405200,4.55,4.55,4.55,4.55,1,0,71
2009-08-17 15:45:00,1250523900,4.36,4.36,4.36,4.36,1,0,2
2009-08-20 16:00:00,1250784000,4.11,4.11,4.11,4.11,1,0,44
2009-08-21 14:45:00,1250865900,4.58,4.58,4.58,4.58,4,0,396
2009-08-21 15:00:00,1250866800,4.58,4.58,4.58,4.58,2,0,198
2009-08-24 11:30:00,1251113400,4.5,4.5,4.5,4.5,1,0,45
2009-08-25 16:00:00,1251216000,4.42,4.42,4.42,4.42,2,0,6
2009-08-26 17:00:00,1251306000,4.52,4.52,4.52,4.52,2,0,24
2009-09-01 15:00:00,1251817200,4.58,4.58,4.58,4.58,4,0,198
2009-09-01 16:15:00,1251821700,4.52,4.52,4.52,4.52,1,0,55
2009-09-02 16:45:00,1251909900,4.58,4.58,4.58,4.58,7,0,308
2009-09-03 12:30:00,1251981000,4.58,4.58,4.58,4.58,1,0,99
2009-09-03 16:30:00,1251995400,4.58,4.58,4.58,4.58,1,0,99
2009-09-09 14:45:00,1252507500,4.45,4.58,4.45,4.58,3,0,100
2009-09-17 11:30:00,1253187000,4.58,4.58,4.58,4.58,1,0,99
2009-09-21 14:45:00,1253544300,4.58,4.58,4.58,4.58,1,0,99
2009-09-23 16:00:00,1253721600,4.57,4.57,4.57,4.57,1,0,30
2009-09-24 16:15:00,1253808900,4.58,4.58,4.58,4.58,1,0,14
2009-10-02 14:15:00,1254492900,4.57,4.57,4.57,4.57,1,0,40
2009-10-06 15:45:00,1254843900,4.58,4.58,4.58,4.58,1,0,88
2009-10-14 10:00:00,1255514400,4.59,4.59,4.59,4.59,1,0,46
2009-10-26 15:00:00,1256569200,4.65,4.65,4.58,4.58,3,0,80
2009-11-03 15:45:00,1257263100,4.57,4.57,4.55,4.55,2,0,48
2009-11-04 16:15:00,1257351300,4.57,4.57,4.55,4.55,2,0,8
2009-11-24 14:45:00,1259073900,4.58,4.58,4.58,4.58,1,0,35
2009-11-26 15:00:00,1259247600,4.5600000000000005,4.5600000000000005,4.5600000000000005,4.5600000000000005,1,0,44
2009-11-30 17:15:00,1259601300,4.5600000000000005,4.5600000000000005,4.5600000000000005,4.5600000000000005,1,0,33
2009-12-02 16:30:00,1259771400,4.66,4.66,4.65,4.65,2,0,4
2009-12-02 17:15:00,1259774100,4.5600000000000005,4.5600000000000005,4.55,4.55,2,0,92
2009-12-14 14:45:00,1260801900,4.65,4.65,4.65,4.65,1,0,94
2009-12-22 16:00:00,1261497600,4.65,4.65,4.65,4.65,1,0,5
2009-12-22 17:00:00,1261501200,4.5600000000000005,4.5600000000000005,4.5600000000000005,4.5600000000000005,1,0,43
2009-12-23 14:45:00,1261579500,4.5600000000000005,4.5600000000000005,4.55,4.55,3,0,86
2010-01-07 17:15:00,1262884500,4.66,4.66,4.66,4.66,1,0,18
2010-01-11 13:15:00,1263215700,4.5600000000000005,4.5600000000000005,4.5600000000000005,4.5600000000000005,1,0,33
2010-01-18 14:00:00,1263823200,4.6,4.6,4.6,4.6,2,0,76
2010-01-20 14:15:00,1263996900,4.76,4.76,4.62,4.62,2,0,83
2010-01-20 14:45:00,1263998700,4.61,4.61,4.61,4.61,1,0,36
2010-01-28 15:15:00,1264691700,4.61,4.61,4.5600000000000005,4.5600000000000005,4,0,78
2010-02-01 12:45:00,1265028300,4.45,4.45,4.45,4.45,1,0,72
2010-02-03 12:00:00,1265198400,4.45,4.45,4.45,4.45,1,0,34
2010-02-10 14:15:00,1265811300,4.3,4.3,4.3,4.3,1,0,20
2010-03-26 12:45:00,1269607500,4.92,4.92,4.92,4.92,2,0,6
2010-04-01 16:00:00,1270137600,5.0,5.0,5.0,5.0,1,0,80
2010-04-08 16:30:00,1270744200,4.3,4.3,4.3,4.3,2,0,21
2010-04-12 13:15:00,1271078100,4.92,4.92,4.92,4.92,3,0,11
2010-04-12 14:00:00,1271080800,4.31,4.31,4.31,4.31,3,0,77
2010-04-19 16:30:00,1271694600,4.61,4.61,4.61,4.61,2,0,14
2010-04-20 16:15:00,1271780100,4.8,4.8,4.8,4.8,2,0,8
2010-05-10 14:30:00,1273501800,5.19,5.19,5.19,5.19,1,0,2
2010-05-13 15:30:00,1273764600,4.3,4.3,4.3,4.3,2,0,8
2010-05-17 12:15:00,1274098500,5.0,5.0,5.0,5.0,1,0,80
2010-05-19 16:00:00,1274284800,4.85,4.85,4.85,4.85,1,0,72
2010-06-01 12:45:00,1275396300,4.9,4.9,4.9,4.9,2,0,16
2010-06-02 12:15:00,1275480900,3.51,3.51,3.51,3.51,2,0,2
2010-06-02 15:00:00,1275490800,4.87,4.87,4.87,4.87,1,0,82
2010-06-04 12:30:00,1275654600,4.25,4.25,4.25,4.25,2,0,6
2010-06-09 12:00:00,1276084800,4.83,4.83,4.83,4.83,2,0,80
2010-06-21 15:45:00,1277135100,5.25,5.25,5.25,5.25,2,0,95
2010-06-23 15:15:00,1277306100,4.83,4.83,4.83,4.83,3,0,75
2010-06-24 12:00:00,1277380800,4.91,4.91,4.91,4.91,1,0,84
2010-06-28 17:00:00,1277744400,4.91,4.91,4.91,4.91,1,0,98
2010-06-30 13:45:00,1277905500,4.7,4.7,4.7,4.7,2,0,80
2010-07-05 13:00:00,1278334800,4.77,4.77,4.77,4.77,1,0,80
2010-07-07 15:45:00,1278517500,4.71,4.71,4.71,4.71,1,0,86
2010-07-14 13:00:00,1279112400,4.8100000000000005,4.8100000000000005,4.8100000000000005,4.8100000000000005,3,0,31
2010-07-14 15:45:00,1279122300,4.8,4.8,4.8,4.8,1,0,14
2010-07-14 16:15:00,1279124100,4.73,4.73,4.73,4.73,1,0,66
2010-07-15 17:00:00,1279213200,4.95,4.95,4.95,4.95,1,0,80
2010-07-23 12:00:00,1279886400,4.76,4.76,4.76,4.76,1,0,30
2010-07-26 10:00:00,1280138400,4.76,4.76,4.76,4.76,1,0,60
2010-07-28 12:15:00,1280319300,4.78,4.78,4.78,4.78,1,0,80
2010-08-02 14:00:00,1280757600,4.77,4.77,4.77,4.77,2,0,32
2010-08-04 15:15:00,1280934900,4.77,4.77,4.76,4.76,2,0,85
2010-08-04 16:15:00,1280938500,4.76,4.76,4.74,4.74,3,0,100
2010-08-04 16:30:00,1280939400,4.74,4.74,4.74,4.74,1,0,15
2010-08-05 10:45:00,1281005100,4.74,4.74,4.73,4.73,3,0,159
2010-08-05 11:45:00,1281008700,4.74,4.74,4.74,4.74,1,0,21
2010-08-12 16:30:00,1281630600,4.62,4.62,4.62,4.62,1,0,80
2010-08-17 16:00:00,1282060800,4.11,4.11,4.11,4.11,1,0,28
2010-08-19 11:45:00,1282218300,5.05,5.05,5.05,5.05,1,0,4
2010-08-19 14:00:00,1282226400,4.4,4.4,4.4,4.4,2,0,28
2010-08-23 10:30:00,1282559400,4.51,4.51,4.51,4.51,1,0,80
2010-08-30 15:45:00,1283183100,4.52,4.52,4.52,4.52,1,0,2
2010-09-02 14:15:00,1283436900,4.6,4.6,4.6,4.6,2,0,4
2010-09-09 10:15:00,1284027300,4.5600000000000005,4.5600000000000005,4.5600000000000005,4.5600000000000005,1,0,42
2010-09-15 13:00:00,1284555600,4.8,4.8,4.8,4.8,1,0,18
2010-09-15 16:00:00,1284566400,5.39,5.39,5.39,5.39,1,0,7
2010-09-17 16:30:00,1284741000,4.5600000000000005,4.5600000000000005,4.5600000000000005,4.5600000000000005,1,0,12
2010-09-22 12:45:00,1285159500,5.19,5.19,5.19,5.19,1,0,1
2010-09-23 10:15:00,1285236900,5.19,5.19,5.19,5.19,1,0,55
2010-09-28 15:00:00,1285686000,5.39,5.39,5.39,5.39,3,0,100
2010-09-28 16:30:00,1285691400,5.39,5.47,5.39,5.47,2,0,179
2010-09-30 16:15:00,1285863300,5.0,5.0,5.0,5.0,1,0,20
2010-10-01 11:15:00,1285931700,5.0,5.0,4.86,4.86,2,0,80
2010-10-01 16:45:00,1285951500,5.22,5.22,5.22,5.22,1,0,86
2010-10-06 16:15:00,1286381700,4.86,4.86,4.86,4.86,1,0,8
2010-10-13 13:00:00,1286974800,5.23,5.23,5.23,5.23,1,0,23
2010-10-15 17:00:00,1287162000,5.1,5.1,5.1,5.1,2,0,80
2010-10-20 13:00:00,1287579600,5.1,5.1,5.1,5.1,2,0,54
2010-10-22 12:45:00,1287751500,5.1,5.1,5.1,5.1,1,0,40
2010-10-22 13:15:00,1287753300,5.1,5.1,5.1,5.1,1,0,10
2010-10-22 13:30:00,1287754200,5.1,5.1,5.1,5.1,4,0,40
2010-10-22 17:45:00,1287769500,5.02,5.02,5.02,5.02,1,0,8
2010-10-26 12:15:00,1288095300,5.47,5.47,5.47,5.47,2,0,9
2010-10-26 15:15:00,1288106100,5.47,5.47,5.47,5.47,1,0,74
2010-10-26 15:45:00,1288107900,5.47,5.47,5.47,5.47,1,0,21
2010-10-26 16:00:00,1288108800,5.03,5.03,5.03,5.03,4,0,61
2010-10-26 16:15:00,1288109700,5.5600000000000005,5.5600000000000005,5.5600000000000005,5.5600000000000005,5,0,124
2010-10-29 13:00:00,1288357200,5.02,5.02,5.02,5.02,4,0,58
2010-11-04 16:15:00,1288887300,5.02,5.02,5.02,5.02,2,0,6
2010-11-10 16:30:00,1289406600,5.08,5.08,5.08,5.08,3,0,24
2010-11-19 14:15:00,1290176100,5.5,5.5,5.5,5.5,1,0,95
2010-11-23 13:45:00,1290519900,5.62,5.62,5.62,5.62,1,0,66
2010-11-23 17:45:00,1290534300,5.66,5.66,5.66,5.66,1,0,34
2010-11-24 13:15:00,1290604500,5.5,5.5,5.5,5.5,4,0,76
2010-11-24 16:30:00,1290616200,5.6,5.6,5.6,5.6,1,0,20
2010-11-25 15:15:00,1290698100,5.6,5.6,5.6,5.6,1,0,24
2010-11-25 17:15:00,1290705300,5.6,5.6,5.6,5.6,2,0,86
2010-11-30 15:45:00,1291131900,5.6,5.6,5.6,5.6,1,0,50
2010-12-10 11:00:00,1291978800,5.6,5.6,5.6,5.6,1,0,80
2010-12-14 15:00:00,1292338800,5.6,5.6,5.6,5.6,1,0,2
2010-12-20 11:15:00,1292843700,5.64,5.64,5.64,5.64,1,0,76
2010-12-21 13:45:00,1292939100,5.67,5.67,5.67,5.67,2,0,72
2010-12-22 12:30:00,1293021000,5.66,5.66,5.66,5.66,1,0,86
2010-12-27 13:15:00,1293455700,5.66,5.66,5.66,5.66,1,0,13
2010-12-27 14:00:00,1293458400,5.64,5.64,5.64,5.64,1,0,45
2011-01-17 17:45:00,1295286300,5.66,5.66,5.66,5.66,1,0,80
2011-01-19 15:15:00,1295450100,5.66,5.66,5.66,5.66,1,0,4
2011-01-20 17:45:00,1295545500,5.66,5.66,5.66,5.66,1,0,18
2011-01-31 17:00:00,1296493200,5.44,5.44,5.44,5.44,1,0,54
2011-02-03 12:45:00,1296737100,5.96,5.96,5.96,5.96,2,0,62
2011-02-16 11:30:00,1297855800,5.66,5.66,5.66,5.66,1,0,24
2011-02-18 16:00:00,1298044800,5.66,5.66,5.66,5.66,1,0,75
2011-02-18 16:15:00,1298045700,5.66,5.66,5.66,5.66,1,0,5
2011-02-18 16:30:00,1298046600,5.66,5.66,5.66,5.66,1,0,80
2011-02-21 13:30:00,1298295000,5.8,5.8,5.8,5.8,1,0,60
2011-02-24 12:00:00,1298548800,6.0,6.0,6.0,6.0,1,0,44
2011-03-22 17:00:00,1300813200,5.79,5.79,5.79,5.79,3,0,100
2011-03-24 17:00:00,1300986000,5.8,5.8,5.8,5.8,3,0,100
2011-03-25 16:30:00,1301070600,5.08,5.08,5.08,5.08,1,0,24
2011-03-28 11:15:00,1301310900,6.0,6.0,6.0,6.0,2,0,64
2011-03-30 11:15:00,1301483700,6.0,6.0,6.0,6.0,1,0,16
2011-04-12 13:00:00,1302613200,6.0,6.0,6.0,6.0,1,0,80
2011-04-13 17:00:00,1302714000,6.0,6.0,6.0,6.0,2,0,6
2011-04-15 15:15:00,1302880500,6.0,6.0,6.0,6.0,1,0,20
2011-04-18 12:45:00,1303130700,6.0,6.0,6.0,6.0,1,0,76
2011-04-18 13:00:00,1303131600,6.0,6.0,6.0,6.0,3,0,104
2011-04-28 15:45:00,1304005500,5.5,5.5,5.5,5.5,2,0,48
2011-04-28 16:15:00,1304007300,6.1,6.1,6.1,6.1,1,0,55
2011-05-13 13:00:00,1305291600,4.38,4.38,4.38,4.38,1,0,32
2011-05-13 13:15:00,1305292500,6.1,6.1,6.1,6.1,1,0,68
2011-05-17 10:00:00,1305626400,6.0,6.0,6.0,6.0,1,0,30
2011-05-17 10:15:00,1305627300,6.1,6.15,6.1,6.15,2,0,16
2011-05-17 11:00:00,1305630000,6.0,6.0,6.0,6.0,1,0,48
2011-05-17 13:30:00,1305639000,6.0,6.0,6.0,6.0,1,0,14
2011-05-30 13:45:00,1306763100,6.0,6.05,6.0,6.05,2,0,100
2011-06-03 12:45:00,1307105100,6.05,6.05,6.05,6.05,1,0,36
2011-06-08 17:00:00,1307552400,6.05,6.05,6.05,6.05,2,0,99
2011-06-09 12:45:00,1307623500,6.01,6.01,6.01,6.01,1,0,54
2011-06-30 15:30:00,1309447800,6.01,6.01,6.01,6.01,1,0,27
2011-07-08 17:00:00,1310144400,6.15,6.15,6.15,6.15,1,0,32
2011-07-13 15:15:00,1310570100,6.17,6.17,6.17,6.17,1,0,60
2011-07-14 16:00:00,1310659200,6.15,6.15,6.15,6.15,1,0,58
2011-07-18 12:00:00,1310990400,6.1,6.1,6.1,6.1,1,0,61
2011-07-22 15:00:00,1311346800,6.0,6.0,6.0,6.0,1,0,44
2011-07-25 14:45:00,1311605100,6.0,6.0,6.0,6.0,1,0,24
2011-08-01 16:15:00,1312215300,4.51,4.51,4.51,4.51,3,0,54
2011-08-01 16:45:00,1312217100,4.98,4.98,4.98,4.98,2,0,40
2011-08-10 14:15:00,1312985700,5.05,5.05,5.05,5.05,1,0,44
2011-08-15 13:15:00,1313414100,5.5,5.5,5.5,5.5,1,0,44
2011-09-08 13:00:00,1315486800,5.95,5.95,5.95,5.95,1,0,10
2011-09-12 11:15:00,1315826100,5.91,5.91,5.91,5.91,1,0,18
2011-09-26 11:45:00,1317037500,5.91,5.91,5.91,5.91,1,0,80
2011-09-28 11:15:00,1317208500,5.92,5.92,5.92,5.92,1,0,58
2011-10-14 17:00:00,1318611600,5.91,5.91,5.91,5.91,1,0,36
2011-10-18 17:30:00,1318959000,5.91,5.91,5.91,5.91,1,0,1
2011-11-07 18:00:00,1320688800,5.01,5.01,5.01,5.01,2,0,80
2011-11-10 11:45:00,1320925500,6.28,6.28,6.28,6.28,1,0,20
2011-11-17 11:30:00,1321529400,5.1,5.1,5.1,5.1,1,0,6
2011-11-17 14:00:00,1321538400,5.67,5.67,5.67,5.67,1,0,40
2011-11-30 17:15:00,1322673300,6.0,6.0,6.0,6.0,1,0,80
2011-12-02 15:30:00,1322839800,5.1,5.1,5.1,5.1,1,0,61
2011-12-09 17:30:00,1323451800,5.35,5.35,5.35,5.35,1,0,24
2011-12-14 12:00:00,1323864000,6.0,6.0,6.0,6.0,1,0,80
2011-12-22 12:15:00,1324556100,6.0,6.0,6.0,6.0,1,0,90
2011-12-27 17:30:00,1325007000,5.9,5.9,5.9,5.9,1,0,20
2011-12-28 15:45:00,1325087100,6.0,6.0,6.0,6.0,1,0,80
2012-01-05 15:15:00,1325776500,6.0,6.0,6.0,6.0,1,0,12
2012-01-06 14:00:00,1325858400,6.0,6.0,6.0,6.0,1,0,82
2012-01-10 15:30:00,1326209400,6.0,6.0,6.0,6.0,1,0,3
2012-01-17 16:45:00,1326818700,6.0,6.0,6.0,6.0,1,0,6
2012-02-06 15:00:00,1328540400,5.6,5.6,5.6,5.6,3,0,80
2012-02-07 15:00:00,1328626800,6.1,6.1,6.1,6.1,1,0,69
2012-02-24 17:00:00,1330102800,5.6,5.6,5.6,5.6,1,0,12
2012-03-09 16:45:00,1331311500,5.61,5.61,5.61,5.61,3,0,42
2012-03-12 16:00:00,1331568000,6.46,6.46,6.46,6.46,1,0,30
2012-03-20 12:45:00,1332247500,6.4,6.4,6.4,6.4,3,0,100
2012-03-21 15:30:00,1332343800,6.41,6.41,6.41,6.41,1,0,2
2012-05-30 13:30:00,1338384600,5.23,5.23,5.23,5.23,2,0,28
2012-06-19 12:00:00,1340107200,5.2,5.2,5.2,5.2,1,0,44
2012-06-25 11:15:00,1340622900,5.2,5.2,5.2,5.2,1,0,16
2012-06-26 11:00:00,1340708400,5.2,5.2,5.2,5.2,1,0,98
2012-06-27 12:45:00,1340801100,6.0,6.0,6.0,6.0,1,0,48
2012-06-29 15:30:00,1340983800,6.25,6.26,6.25,6.26,2,0,116
2012-07-02 17:00:00,1341248400,6.26,6.26,6.26,6.26,1,0,30
2012-07-05 10:45:00,1341485100,7.78,7.78,7.78,7.78,1,0,47
2012-07-06 16:15:00,1341591300,5.86,5.86,5.86,5.86,2,0,72
2012-07-13 11:00:00,1342177200,5.86,5.86,5.86,5.86,1,0,4
2012-07-16 17:00:00,1342458000,6.05,6.05,6.05,6.05,1,0,18
2012-07-17 12:30:00,1342528200,6.05,6.05,6.05,6.05,1,0,18
2012-07-18 11:30:00,1342611000,6.26,6.26,6.26,6.26,1,0,18
2012-08-10 14:45:00,1344609900,5.9,5.9,5.9,5.9,1,0,20
2012-08-15 12:45:00,1345034700,6.0,6.0,6.0,6.0,1,0,50
2012-08-15 16:45:00,1345049100,6.3,6.3,6.3,6.3,1,0,80
2012-08-23 11:30:00,1345721400,4.49,4.49,4.49,4.49,2,0,144
2012-08-23 12:45:00,1345725900,4.08,4.08,4.08,4.08,1,0,72
2012-09-05 11:30:00,1346844600,5.01,5.01,5.01,5.01,2,0,22
2012-09-10 13:00:00,1347282000,5.0,5.0,5.0,5.0,1,0,70
2012-10-04 11:45:00,1349351100,5.01,5.01,5.01,5.01,1,0,80
2012-10-31 14:30:00,1351693800,6.18,6.18,6.18,6.18,3,0,80
2012-10-31 14:45:00,1351694700,6.4,6.4,6.4,6.4,1,0,50
2012-11-06 16:00:00,1352217600,6.0,6.0,6.0,6.0,1,0,20
2012-11-09 11:00:00,1352458800,5.08,5.08,5.08,5.08,3,0,90
2012-11-09 13:00:00,1352466000,5.5,5.5,5.5,5.5,1,0,14
2012-11-16 12:45:00,1353069900,6.3,6.3,6.3,6.3,4,0,116
2012-11-28 16:45:00,1354121100,6.11,6.11,6.11,6.11,1,0,43
2012-12-14 16:45:00,1355503500,6.29,6.29,6.29,6.29,1,0,90
2012-12-19 12:00:00,1355918400,4.09,4.09,4.09,4.09,2,0,42
2012-12-20 11:30:00,1356003000,6.26,6.26,6.26,6.26,1,0,86
2012-12-20 11:45:00,1356003900,6.5,6.5,6.5,6.5,1,0,14
2013-01-15 15:45:00,1358264700,6.1,6.1,6.1,6.1,2,0,88
2013-01-15 16:15:00,1358266500,6.1,6.1,6.1,6.1,1,0,1
2013-01-17 14:30:00,1358433000,5.0,5.0,5.0,5.0,1,0,4
2013-01-24 16:00:00,1359043200,5.5,5.5,5.5,5.5,2,0,9
2013-01-30 13:30:00,1359552600,5.0,5.0,5.0,5.0,2,0,80
2013-02-05 11:15:00,1360062900,5.09,5.09,5.09,5.09,2,0,12
2013-02-05 15:45:00,1360079100,5.18,5.18,5.18,5.18,1,0,14
2013-02-21 12:00:00,1361448000,5.07,5.07,5.07,5.07,2,0,42
2013-02-25 17:15:00,1361812500,5.07,5.07,5.07,5.07,3,0,72
2013-02-25 17:30:00,1361813400,5.9,5.9,5.9,5.9,1,0,35
2013-02-26 15:30:00,1361892600,5.07,5.07,5.07,5.07,1,0,30
2013-02-26 16:15:00,1361895300,5.07,5.07,5.07,5.07,1,0,1
2013-03-20 16:00:00,1363795200,5.07,5.07,5.07,5.07,1,0,6
2013-04-08 14:30:00,1365431400,5.0,5.0,5.0,5.0,1,0,44
2013-04-19 11:30:00,1366371000,6.0,6.0,6.0,6.0,5,0,140
2013-04-22 10:45:00,1366627500,6.0,6.0,6.0,6.0,1,0,20
2013-04-25 13:15:00,1366895700,6.1,6.1,6.1,6.1,1,0,86
2013-05-29 14:30:00,1369837800,5.0,5.0,5.0,5.0,2,0,20
2013-06-06 15:30:00,1370532600,4.58,4.58,4.58,4.58,1,0,14
2013-06-13 11:00:00,1371121200,6.11,6.11,6.11,6.11,2,0,86
2013-06-17 14:00:00,1371477600,5.91,5.91,5.91,5.91,2,0,80
2013-06-20 17:15:00,1371748500,5.9,5.9,5.9,5.9,1,0,21
2013-07-04 17:30:00,1372959000,4.08,4.08,4.08,4.08,2,0,8
2013-07-16 12:00:00,1373976000,4.08,4.08,4.08,4.08,1,0,6
2013-07-26 16:30:00,1374856200,5.5,5.5,5.5,5.5,1,0,10
2013-07-29 16:45:00,1375116300,5.5,5.51,5.5,5.5,4,0,101
2013-07-31 12:00:00,1375272000,5.51,5.51,5.51,5.51,1,0,36
2013-08-09 10:45:00,1376045100,5.0,5.0,5.0,5.0,1,0,6
2013-08-26 11:30:00,1377516600,5.65,5.65,5.65,5.65,2,0,12
2013-08-29 13:30:00,1377783000,5.18,5.18,5.18,5.18,1,0,2
2013-08-30 11:45:00,1377863100,5.18,5.18,5.18,5.18,1,0,59
2013-09-03 14:45:00,1378219500,6.3,6.3,6.3,6.3,1,0,60
2013-10-17 15:15:00,1382022900,5.08,5.08,5.08,5.08,2,0,6
2013-12-06 17:00:00,1386349200,6.2,6.2,6.2,6.2,1,0,48
2013-12-16 11:45:00,1387194300,6.2,6.2,6.2,6.2,1,0,5
2014-01-13 12:15:00,1389615300,5.0,5.0,5.0,5.0,1,0,50
2014-01-15 11:15:00,1389784500,6.61,6.61,6.61,6.61,2,0,57
2014-01-31 13:00:00,1391173200,3.52,3.52,3.52,3.52,3,0,62
2014-01-31 14:30:00,1391178600,4.47,4.47,4.47,4.47,1,0,5
2014-02-03 13:30:00,1391434200,5.9,5.9,5.9,5.9,1,0,20
2014-02-18 11:00:00,1392721200,5.3,5.3,5.3,5.3,2,0,51
2014-04-17 13:00:00,1397739600,5.3,5.3,5.3,5.3,1,0,10
2014-04-17 14:30:00,1397745000,5.1,5.1,5.1,5.1,1,0,50
2014-05-07 17:00:00,1399482000,5.0,5.0,5.0,5.0,2,0,38
2014-05-13 15:45:00,1399995900,4.1,4.1,4.1,4.1,4,0,90
2014-05-29 14:00:00,1401372000,5.9,5.9,5.9,5.9,1,0,20
2014-06-24 17:00:00,1403629200,4.9,4.9,4.9,4.9,1,0,71
2014-06-25 14:15:00,1403705700,4.65,4.65,4.65,4.65,1,0,9
2014-06-25 15:30:00,1403710200,4.65,4.65,4.65,4.65,1,0,6
2014-07-04 14:30:00,1404484200,4.65,4.65,4.65,4.65,1,0,6
2014-07-10 16:30:00,1405009800,5.03,5.03,5.03,5.03,2,0,80
2014-08-06 10:45:00,1407321900,5.23,5.23,5.23,5.23,2,0,39
2014-08-22 13:00:00,1408712400,4.3,4.3,4.3,4.3,1,0,80
2014-08-25 11:30:00,1408966200,4.75,4.75,4.75,4.75,3,0,86
2014-08-29 12:30:00,1409315400,4.57,4.57,4.57,4.57,1,0,90
2014-09-03 13:15:00,1409750100,4.63,4.63,4.63,4.63,1,0,90
2014-09-10 12:45:00,1410353100,4.22,4.22,4.22,4.22,2,0,34
2014-09-22 12:15:00,1411388100,4.61,4.61,4.61,4.61,1,0,86
2014-12-15 17:00:00,1418662800,4.52,4.52,4.52,4.52,1,0,80
2014-12-23 12:45:00,1419338700,4.5,4.5,4.5,4.5,1,0,32
2014-12-30 17:00:00,1419958800,4.21,4.21,4.21,4.21,1,0,8
2015-01-09 10:00:00,1420797600,4.5,4.5,4.5,4.5,1,1,56
2015-01-13 13:00:00,1421154000,4.5,4.5,4.5,4.5,1,1,3
2015-01-15 15:00:00,1421334000,3.89,3.89,3.76,3.76,4,1,200
2015-01-15 15:15:00,1421334900,3.76,3.76,3.71,3.71,2,1,196
2015-01-15 16:15:00,1421338500,3.55,3.55,3.55,3.55,1,1,4
2015-01-16 10:45:00,1421405100,3.56,3.56,3.4,3.4,5,1,491
2015-01-16 11:30:00,1421407800,2.5,2.5,2.5,2.5,1,1,1
2015-01-16 17:00:00,1421427600,2.5,2.5,2.5,2.5,1,1,8
2015-01-19 16:00:00,1421683200,2.91,2.91,2.91,2.91,4,1,170
2015-01-23 10:45:00,1422009900,3.09,3.09,3.09,3.09,1,1,2
2015-01-23 12:15:00,1422015300,3.09,3.09,3.09,3.09,1,1,34
2015-03-19 11:30:00,1426764600,2.55,2.55,2.55,2.55,1,1,6
2015-03-26 15:30:00,1427383800,3.3,3.3,3.3,3.3,1,1,6
2015-04-09 16:45:00,1428597900,3.0,3.0,3.0,3.0,1,1,64
2015-06-09 10:45:00,1433846700,4.01,4.01,4.01,4.01,1,1,80
2015-06-23 12:45:00,1435063500,4.02,4.02,4.02,4.02,1,1,80
2015-07-22 15:30:00,1437579000,3.8,3.8,3.8,3.8,2,1,39
2015-07-23 11:45:00,1437651900,4.0,4.0,4.0,4.0,2,1,42
2015-09-17 17:00:00,1442509200,4.12,4.12,4.12,4.12,2,1,80
2015-09-28 12:00:00,1443441600,4.25,4.25,4.25,4.25,1,1,54
2015-09-30 17:00:00,1443632400,3.8,3.8,3.8,3.8,1,1,46
2015-10-26 12:00:00,1445860800,4.17,4.17,4.17,4.17,1,1,86
2015-10-26 13:30:00,1445866200,4.18,4.18,4.18,4.18,1,1,13
2015-11-17 17:00:00,1447779600,4.15,4.15,4.15,4.15,1,1,1
2016-02-12 16:15:00,1455293700,4.0,4.0,4.0,4.0,1,1,84
2016-02-23 16:00:00,1456243200,4.05,4.05,4.05,4.05,1,1,88
2016-02-25 12:30:00,1456403400,4.07,4.07,4.07,4.07,1,1,12
2016-04-04 15:30:00,1459783800,4.0,4.0,4.0,4.0,1,1,90
2016-04-18 12:45:00,1460983500,3.5,3.5,3.5,3.5,1,1,80
2016-05-06 16:00:00,1462550400,4.0,4.0,4.0,4.0,1,1,90
2016-05-06 16:30:00,1462552200,4.0,4.0,4.0,4.0,1,1,80
2016-05-09 15:30:00,1462807800,4.4,4.4,4.4,4.4,1,1,20
2016-05-13 15:45:00,1463154300,4.28,4.28,4.28,4.28,1,1,30
2016-05-19 16:30:00,1463675400,4.28,4.28,4.28,4.28,1,1,20
2016-07-07 14:45:00,1467902700,3.5,3.5,3.5,3.5,1,1,24
2016-08-02 11:00:00,1470135600,3.5,3.5,3.5,3.5,1,1,18
2016-08-23 11:30:00,1471951800,3.5,3.5,3.5,3.5,1,1,16
2016-09-15 17:00:00,1473958800,4.35,4.35,4.35,4.35,1,1,18
2016-09-19 16:45:00,1474303500,3.56,3.56,3.56,3.56,3,1,80
2016-09-19 17:00:00,1474304400,4.2,4.2,4.2,4.2,1,0,15
2016-09-22 17:00:00,1474563600,4.4,4.4,4.4,4.4,1,1,46
2016-10-20 15:45:00,1476978300,4.4,4.4,4.4,4.4,1,1,14
2016-10-31 11:00:00,1477911600,3.5,3.5,3.5,3.5,1,1,6
2016-11-30 17:00:00,1480525200,4.45,4.45,4.45,4.45,1,1,6
2016-12-05 12:30:00,1480941000,3.77,3.77,3.77,3.77,3,1,86
2016-12-06 11:00:00,1481022000,4.4,4.4,4.4,4.4,1,1,51
2016-12-07 14:30:00,1481121000,3.7,3.7,3.7,3.7,3,1,68
2016-12-08 12:45:00,1481201100,4.4,4.4,4.4,4.4,2,1,18
2016-12-21 15:00:00,1482332400,3.59,3.59,3.59,3.59,1,1,12
2017-01-13 17:15:00,1484327700,4.9,4.9,4.9,4.9,1,1,50
2017-01-27 13:15:00,1485522900,4.34,4.34,4.34,4.34,2,1,88
2017-02-13 18:00:00,1487008800,4.25,4.25,4.25,4.25,1,1,40
2017-02-22 16:30:00,1487781000,4.5,4.5,4.5,4.5,5,1,70
2017-03-07 15:00:00,1488898800,3.51,3.51,3.51,3.51,1,1,4
2017-03-23 12:30:00,1490272200,4.7,4.7,4.7,4.7,1,1,10
2017-03-30 14:30:00,1490884200,4.72,4.72,4.72,4.72,1,1,72
2017-04-04 16:15:00,1491322500,4.72,4.72,4.72,4.72,2,1,45
2017-04-12 12:30:00,1492000200,4.5,4.5,4.5,4.5,1,1,2
2017-04-12 16:45:00,1492015500,4.5,4.5,4.5,4.5,1,1,22
2017-04-25 12:30:00,1493123400,4.7,4.7,4.7,4.7,1,1,59
2017-06-09 10:45:00,1497005100,5.5,5.5,5.5,5.5,2,1,90
2017-07-07 17:00:00,1499446800,4.9,4.9,4.9,4.9,1,1,3
2017-07-11 14:30:00,1499783400,4.8,4.8,4.8,4.8,2,1,86
2017-07-12 15:00:00,1499871600,4.9,4.9,4.9,4.9,1,1,11
2017-07-14 11:45:00,1500032700,4.9,4.9,4.9,4.9,1,1,20
2017-07-17 11:45:00,1500291900,4.9,4.9,4.9,4.9,1,1,30
2017-07-21 16:45:00,1500655500,4.9,4.9,4.9,4.9,1,1,32
2017-07-31 16:00:00,1501516800,4.05,4.05,4.05,4.05,4,1,97
2017-07-31 16:30:00,1501518600,4.99,5.05,4.99,5.05,2,1,18
2017-08-01 10:30:00,1501583400,5.05,5.05,5.05,5.05,7,1,101
2017-08-01 10:45:00,1501584300,5.5,5.5,5.5,5.5,1,1,19
2017-08-01 17:00:00,1501606800,5.03,5.03,5.03,5.03,4,0,98
2017-08-02 16:00:00,1501689600,5.5,5.5,5.5,5.5,1,1,1
2017-08-15 12:45:00,1502801100,4.7,4.7,4.7,4.7,4,1,67
2017-08-15 13:00:00,1502802000,5.0,5.0,5.0,5.0,1,1,31
2017-08-22 16:00:00,1503417600,4.8,4.8,4.8,4.8,5,1,106
2017-08-25 13:45:00,1503668700,4.83,4.83,4.83,4.83,2,1,80
2017-08-29 10:45:00,1504003500,4.0,4.0,4.0,4.0,2,1,3
2017-08-29 11:30:00,1504006200,4.0,4.0,4.0,4.0,1,1,3
2017-08-30 14:30:00,1504103400,4.71,4.71,4.71,4.71,2,1,76
2017-08-31 12:45:00,1504183500,5.03,5.03,5.03,5.03,1,1,22
2017-09-01 10:30:00,1504261800,4.5,4.5,4.5,4.5,3,1,16
2017-09-04 16:15:00,1504541700,10.97,10.97,10.97,10.97,4,1,78
2017-09-06 14:00:00,1504706400,4.5600000000000005,4.5600000000000005,4.5600000000000005,4.5600000000000005,1,1,38
2017-09-12 14:45:00,1505227500,4.5600000000000005,4.5600000000000005,4.5600000000000005,4.5600000000000005,1,1,6
2017-09-18 16:30:00,1505752200,4.6,4.6,4.6,4.6,2,1,24
2017-10-02 14:45:00,1506955500,5.1,5.1,5.1,5.1,1,1,3
2017-10-02 15:15:00,1506957300,5.1,5.1,5.1,5.1,1,1,2
2017-10-06 10:30:00,1507285800,4.77,4.77,4.77,4.77,1,1,3
2017-10-19 15:00:00,1508425200,4.78,4.78,4.78,4.78,1,1,6
2017-10-20 17:15:00,1508519700,4.78,4.78,4.78,4.78,2,1,23
2017-10-23 18:00:00,1508781600,4.0,4.0,4.0,4.0,1,1,2
2017-12-07 14:30:00,1512657000,4.84,4.84,4.84,4.84,2,1,78
2017-12-08 18:00:00,1512756000,5.29,5.29,5.29,5.29,1,1,31
2017-12-12 17:15:00,1513098900,5.31,5.31,5.31,5.31,1,1,48
2017-12-21 13:45:00,1513863900,5.03,5.03,5.03,5.03,1,1,33
2017-12-21 17:00:00,1513875600,5.02,5.02,5.0,5.0,2,1,33
2018-01-11 14:45:00,1515681900,5.42,5.42,5.42,5.42,1,1,75
2018-01-11 15:00:00,1515682800,5.2,5.2,5.2,5.2,1,1,20
2018-01-11 15:15:00,1515683700,4.0,4.0,4.0,4.0,1,1,60
2018-01-12 10:00:00,1515751200,5.45,5.45,5.45,5.45,1,1,7
2018-01-12 11:00:00,1515754800,5.45,5.45,5.45,5.45,3,1,103
2018-01-16 12:00:00,1516104000,4.01,4.01,4.01,4.01,2,1,24
2018-01-16 12:45:00,1516106700,5.02,5.02,5.02,5.02,1,1,4
2018-02-05 15:00:00,1517842800,5.4,5.4,5.4,5.4,2,1,86
2018-03-08 17:30:00,1520530200,4.5,4.5,4.5,4.5,1,1,2
2018-03-26 15:00:00,1522076400,5.42,5.42,5.42,5.42,2,1,86
2018-03-28 17:00:00,1522256400,4.9,4.9,4.9,4.9,3,1,82
2018-04-02 16:00:00,1522684800,5.29,5.29,5.29,5.29,1,1,4
2018-04-03 11:30:00,1522755000,5.29,5.29,5.29,5.29,1,1,37
2018-04-17 15:30:00,1523979000,5.6,5.6,5.6,5.6,1,1,20
2018-05-04 14:30:00,1525444200,5.5,5.5,5.5,5.5,2,1,35
2018-07-23 15:15:00,1532358900,5.5,5.5,5.5,5.5,2,1,44
2018-08-28 13:30:00,1535463000,5.65,5.65,5.65,5.65,5,1,138
2018-09-19 12:15:00,1537359300,5.65,5.65,5.65,5.65,2,1,28
2018-09-21 13:30:00,1537536600,5.65,5.65,5.65,5.65,3,1,48
2018-09-24 14:00:00,1537797600,5.65,5.65,5.65,5.65,3,1,30
2018-09-25 11:00:00,1537873200,5.65,5.65,5.65,5.65,3,1,54
2018-09-26 10:30:00,1537957800,5.65,5.65,5.65,5.65,1,1,39
2018-09-28 10:30:00,1538130600,5.57,5.57,5.57,5.57,2,1,116
2018-11-12 10:15:00,1542017700,5.45,5.45,5.45,5.45,1,0,7
2018-11-13 17:45:00,1542131100,5.45,5.45,5.45,5.45,1,0,15
2018-11-16 10:15:00,1542363300,5.45,5.45,5.45,5.45,1,0,73
2018-11-16 10:30:00,1542364200,4.5,4.5,4.5,4.5,1,0,9
2018-12-14 13:00:00,1544792400,5.8,5.8,5.8,5.8,1,0,8
2018-12-14 16:45:00,1544805900,5.85,5.85,5.85,5.85,1,0,9
2018-12-17 11:30:00,1545046200,5.1,5.1,5.1,5.1,1,0,60
2018-12-17 18:00:00,1545069600,5.09,5.09,5.09,5.09,2,0,90
2019-01-23 11:15:00,1548242100,5.74,5.74,5.74,5.74,6,0,6
2019-01-23 11:30:00,1548243000,6.0,6.0,6.0,6.0,2,0,80
2019-01-30 15:45:00,1548863100,5.68,5.68,5.68,5.68,2,0,60
2019-01-30 16:30:00,1548865800,5.67,5.67,5.63,5.63,2,0,30
2019-02-19 18:00:00,1550599200,5.49,5.49,5.49,5.49,3,0,72
2019-02-20 17:15:00,1550682900,6.1,6.1,6.1,6.1,2,40,70
2019-02-22 11:15:00,1550834100,6.45,6.45,6.45,6.45,1,30,18
2019-03-06 16:00:00,1551888000,6.7,6.7,6.7,6.7,1,30,18
2019-03-19 12:30:00,1552998600,6.99,6.99,6.99,6.99,1,470,6
2019-04-05 13:30:00,1554471000,7.0,7.0,7.0,7.0,1,0,2
2019-04-15 13:15:00,1555334100,6.6,6.6,6.6,6.6,1,20,2
2019-04-24 14:15:00,1556115300,6.41,6.41,6.41,6.41,2,0,51
2019-04-24 14:45:00,1556117100,5.99,5.99,5.99,5.99,1,550,11
2019-04-26 11:30:00,1556278200,6.2,6.2,6.2,6.2,1,301,51
2019-04-26 15:00:00,1556290800,6.99,6.99,6.99,6.99,1,550,8
2019-04-29 17:00:00,1556557200,6.45,6.45,6.45,6.45,1,371,43
2019-05-02 14:45:00,1556808300,6.99,6.99,6.99,6.99,1,352,3
2019-05-03 12:15:00,1556885700,6.99,6.99,6.99,6.99,1,51,3
2019-05-08 10:30:00,1557311400,6.99,6.99,6.99,6.99,2,0,11
2019-05-08 14:15:00,1557324900,6.99,6.99,6.99,6.99,1,0,6
2019-05-08 14:30:00,1557325800,4.5,4.5,4.5,4.5,3,0,30
2019-05-10 17:00:00,1557507600,5.2,5.2,5.2,5.2,2,480,35
2019-05-13 16:30:00,1557765000,6.6,6.6,6.6,6.6,1,180,18
2019-05-14 15:00:00,1557846000,6.6,6.6,6.6,6.6,1,0,2
2019-05-14 15:45:00,1557848700,6.6,6.6,6.6,6.6,1,250,14
2019-05-16 10:30:00,1558002600,7.0,7.0,7.0,7.0,1,0,2
2019-05-17 11:45:00,1558093500,7.0,7.0,7.0,7.0,3,0,36
2019-05-17 15:30:00,1558107000,7.0,7.0,7.0,7.0,1,249,18
2019-05-22 10:30:00,1558521000,6.99,6.99,6.99,6.99,1,180,1
2019-05-27 11:30:00,1558956600,6.45,6.45,6.45,6.45,2,0,80
2019-05-28 15:15:00,1559056500,5.66,5.66,5.66,5.66,3,0,60
2019-05-30 15:30:00,1559230200,6.6,6.6,6.6,6.6,1,0,33
2019-05-30 16:00:00,1559232000,6.73,6.73,6.73,6.73,1,0,22
2019-05-30 16:15:00,1559232900,7.0,7.0,7.0,7.0,1,439,7
2019-06-06 15:00:00,1559833200,6.9,6.9,6.9,6.9,1,0,2
2019-06-07 11:15:00,1559906100,6.88,6.88,6.88,6.88,1,89,1
2019-06-10 15:00:00,1560178800,6.01,6.01,6.01,6.01,2,0,24
2019-06-10 17:00:00,1560186000,6.88,6.88,6.88,6.88,1,89,1
2019-06-12 10:45:00,1560336300,6.9,6.9,6.9,6.9,1,89,1
2019-06-14 10:45:00,1560509100,6.02,6.02,6.02,6.02,1,88,2
2019-06-21 11:45:00,1561117500,6.9,6.9,6.9,6.9,3,0,63
2019-06-21 16:15:00,1561133700,6.95,6.95,6.95,6.95,1,305,2
2019-06-21 16:45:00,1561135500,6.95,6.95,6.95,6.95,1,305,1
2019-06-24 10:30:00,1561372200,9.39,9.39,9.39,9.39,1,0,15
2019-06-24 10:45:00,1561373100,8.5,8.5,8.5,8.5,1,0,20
2019-06-24 12:30:00,1561379400,8.0,8.0,8.0,8.0,1,100,20
2019-06-24 15:45:00,1561391100,8.0,8.0,8.0,8.0,1,207,10
2019-06-25 12:00:00,1561464000,6.6,6.6,6.6,6.6,1,207,5
2019-06-26 13:00:00,1561554000,8.0,8.0,8.0,8.0,2,0,72
2019-06-28 15:30:00,1561735800,7.91,7.91,7.91,7.91,1,0,38
2019-06-28 16:45:00,1561740300,8.19,8.19,8.19,8.19,2,0,6
2019-07-01 10:30:00,1561977000,8.19,8.19,8.19,8.19,1,207,2
2019-07-11 15:45:00,1562859900,7.3,7.3,7.3,7.3,2,0,12
2019-07-11 16:15:00,1562861700,7.25,7.3,7.25,7.3,2,15,61
2019-07-16 16:00:00,1563292800,7.9,7.9,7.9,7.9,1,0,10
2019-07-17 11:30:00,1563363000,7.9399999999999995,7.9399999999999995,7.9399999999999995,7.9399999999999995,1,182,1
2019-07-22 16:30:00,1563813000,7.55,7.55,7.55,7.55,1,174,1
2019-07-24 15:15:00,1563981300,7.9399999999999995,7.9399999999999995,7.9399999999999995,7.9399999999999995,2,0,15
2019-07-24 16:15:00,1563984900,7.9399999999999995,7.9399999999999995,7.9399999999999995,7.9399999999999995,1,174,4
2019-07-31 16:00:00,1564588800,7.23,7.23,7.23,7.23,2,0,4
2019-08-02 17:00:00,1564765200,7.0,7.0,7.0,7.0,2,23,19
2019-08-06 17:00:00,1565110800,7.05,7.05,7.05,7.05,1,103,19
2019-08-07 12:00:00,1565179200,7.23,7.23,7.23,7.23,1,0,1
2019-08-07 12:30:00,1565181000,7.23,7.23,7.23,7.23,2,103,6
2019-08-07 13:30:00,1565184600,7.23,7.23,7.23,7.23,1,380,80
2019-08-08 16:30:00,1565281800,7.27,7.27,7.27,7.27,1,380,84
2019-08-13 15:45:00,1565711100,7.8,7.8,7.8,7.8,1,160,4
2019-08-15 13:30:00,1565875800,6.5,6.5,6.5,6.5,1,78,1
2019-08-16 10:30:00,1565951400,7.45,7.45,7.45,7.45,1,0,6
2019-08-22 12:45:00,1566477900,7.4,7.4,7.4,7.4,2,0,3
2019-08-22 14:00:00,1566482400,7.4,7.4,7.4,7.4,1,71,1
2019-08-26 14:30:00,1566829800,7.48,7.48,7.48,7.48,2,0,85
2019-08-27 11:00:00,1566903600,7.48,7.48,7.48,7.48,1,79,10
2019-08-28 15:00:00,1567004400,6.9,7.48,6.9,7.48,2,79,100
2019-08-29 10:00:00,1567072800,6.6899999999999995,6.6899999999999995,6.6899999999999995,6.6899999999999995,1,79,3
2019-09-02 10:30:00,1567420200,7.48,7.48,7.48,7.48,1,77,1
2019-09-02 10:45:00,1567421100,7.48,7.48,7.48,7.48,3,77,7
2019-09-02 11:00:00,1567422000,7.48,8.0,7.48,8.0,2,50,15
2019-09-02 11:45:00,1567424700,8.0,8.0,8.0,8.0,2,150,4
2019-09-02 12:15:00,1567426500,9.0,9.0,9.0,9.0,1,150,1
2019-09-02 12:30:00,1567427400,9.0,9.0,9.0,9.0,1,229,2
2019-09-02 12:45:00,1567428300,9.0,9.0,9.0,9.0,1,229,1
2019-09-02 13:00:00,1567429200,9.0,9.0,9.0,9.0,1,219,10
2019-09-02 13:15:00,1567430100,9.01,9.01,8.96,8.96,2,4,12
2019-09-02 13:45:00,1567431900,9.0,9.0,9.0,9.0,1,209,2
2019-09-02 14:45:00,1567435500,9.01,9.01,9.01,9.01,1,219,1
2019-09-02 15:30:00,1567438200,9.01,9.01,9.01,9.01,2,4,5
2019-09-02 15:45:00,1567439100,9.0,9.0,9.0,9.0,1,449,19
2019-09-03 10:30:00,1567506600,9.9,9.9,9.9,9.9,1,150,1
2019-09-04 11:45:00,1567597500,8.5,8.5,8.3,8.3,2,10,2
2019-09-04 12:00:00,1567598400,8.3,8.3,8.2,8.2,3,30,7
2019-09-09 12:15:00,1568031300,9.2,9.2,9.2,9.2,1,329,1
2019-09-11 14:30:00,1568212200,6.71,6.71,6.71,6.71,2,0,5
2019-09-11 14:45:00,1568213100,6.71,6.71,6.71,6.71,2,124,9
2019-09-11 15:30:00,1568215800,6.71,6.71,6.71,6.71,1,124,19
2019-09-11 15:45:00,1568216700,6.71,6.71,6.71,6.71,1,124,1
2019-09-12 10:30:00,1568284200,6.71,6.71,6.71,6.71,4,0,25
2019-09-12 16:45:00,1568306700,7.5,7.5,7.5,7.5,1,0,5
2019-09-13 10:30:00,1568370600,7.5,7.5,7.5,7.5,1,56,15
2019-09-13 13:30:00,1568381400,7.5,7.5,7.5,7.5,1,79,9
2019-09-16 15:00:00,1568646000,8.04,8.04,8.04,8.04,2,0,2
2019-09-18 10:45:00,1568803500,6.71,6.71,6.71,6.71,1,133,1
2019-09-19 11:45:00,1568893500,6.75,6.75,6.75,6.75,1,124,25
2019-09-20 14:30:00,1568989800,6.78,6.78,6.78,6.78,1,124,2
2019-10-02 14:15:00,1570025700,8.06,8.06,8.06,8.06,1,179,2
2019-10-10 14:30:00,1570717800,8.0,8.0,8.0,8.0,1,0,1
2019-10-10 17:00:00,1570726800,8.0,8.0,8.0,8.0,1,179,1
2019-10-14 15:45:00,1571067900,8.0,8.0,8.0,8.0,1,179,1
2019-10-15 13:45:00,1571147100,8.0,8.0,8.0,8.0,1,284,19
2019-10-16 17:00:00,1571245200,7.99,7.99,7.99,7.99,1,284,7
2019-10-23 16:00:00,1571846400,8.0,8.0,8.0,8.0,3,0,79
2019-10-24 13:45:00,1571924700,7.99,7.99,7.99,7.99,1,0,1
2019-10-24 15:00:00,1571929200,7.99,7.99,7.99,7.99,1,7,28
2019-10-24 15:45:00,1571931900,7.99,7.99,7.99,7.99,1,284,10
2019-10-28 12:45:00,1572266700,8.06,8.06,8.06,8.06,1,285,2
2019-11-05 14:15:00,1572963300,8.06,8.06,8.06,8.06,1,0,7
2019-11-06 14:00:00,1573048800,6.5,6.5,6.5,6.5,1,156,1
2019-11-07 11:30:00,1573126200,8.06,8.06,8.06,8.06,1,0,1
2019-11-13 11:15:00,1573643700,6.5,6.5,6.5,6.5,1,350,1
2019-11-18 13:45:00,1574084700,8.06,8.06,8.06,8.06,1,0,2
2019-11-18 16:45:00,1574095500,8.06,8.06,8.06,8.06,1,156,1
2019-11-18 17:30:00,1574098200,8.06,8.06,8.06,8.06,1,156,1
2019-11-21 15:15:00,1574349300,6.5,6.5,6.5,6.5,1,0,1
2019-11-26 16:15:00,1574784900,8.0,8.0,8.0,8.0,1,0,36
2019-11-29 17:15:00,1575047700,7.95,7.95,7.95,7.95,3,0,96
2019-12-02 10:30:00,1575282600,8.06,8.06,8.06,8.06,3,0,100
2019-12-02 11:15:00,1575285300,8.3,8.3,8.3,8.3,1,180,35
2019-12-16 13:15:00,1576502100,8.3,8.3,8.3,8.3,1,0,11
2019-12-17 15:45:00,1576597500,7.0,7.0,7.0,7.0,1,129,1
2019-12-20 15:00:00,1576854000,7.0,7.0,7.0,7.0,1,0,1
2019-12-23 16:45:00,1577119500,8.2,8.2,8.2,8.2,1,0,1
2019-12-26 11:45:00,1577360700,7.0,7.0,7.0,7.0,1,0,1
2019-12-26 13:30:00,1577367000,8.2,8.2,8.2,8.2,1,0,32
2019-12-27 12:00:00,1577448000,8.2,8.2,8.2,8.2,1,160,1
2019-12-27 14:15:00,1577456100,8.2,8.2,8.2,8.2,1,260,4
2019-12-27 15:00:00,1577458800,7.0,7.0,7.0,7.0,2,0,7
2019-12-30 16:45:00,1577724300,8.4,8.4,8.4,8.4,1,140,6
2019-12-30 17:15:00,1577726100,8.4,8.4,8.4,8.4,1,140,11
2020-01-02 15:45:00,1577979900,9.52,9.52,9.52,9.52,1,0,1
2020-01-02 16:00:00,1577980800,9.51,9.51,9.51,9.51,1,0,1
2020-01-03 16:30:00,1578069000,9.6,9.6,9.6,9.6,2,0,50
2020-01-06 11:30:00,1578310200,9.8,9.8,9.8,9.8,2,0,20
2020-01-06 13:15:00,1578316500,9.8,9.8,9.8,9.8,1,180,2
2020-01-06 14:45:00,1578321900,9.8,9.8,9.8,9.8,1,0,30
2020-01-06 16:00:00,1578326400,8.33,8.33,8.33,8.33,1,33,20
2020-01-06 16:15:00,1578327300,8.33,8.33,8.33,8.33,1,33,13
2020-01-06 18:00:00,1578333600,8.33,8.33,8.33,8.33,2,33,12
2020-01-07 11:00:00,1578394800,10.94,10.94,10.94,10.94,2,0,28
2020-01-09 14:30:00,1578580200,10.0,10.0,10.0,10.0,1,298,1
2020-01-15 10:30:00,1579084200,8.28,8.28,8.28,8.28,2,0,10
2020-01-16 17:45:00,1579196700,8.28,8.28,8.28,8.28,1,150,1
2020-01-20 12:45:00,1579524300,9.4,9.4,9.4,9.4,1,0,20
2020-01-20 14:15:00,1579529700,9.4,9.4,9.4,9.4,1,280,10
2020-01-21 11:30:00,1579606200,9.4,9.4,9.4,9.4,1,0,5
2020-01-21 11:45:00,1579607100,9.4,9.4,9.4,9.4,1,280,4
2020-01-22 10:45:00,1579689900,9.4,9.4,9.4,9.4,1,0,4
2020-01-22 12:30:00,1579696200,9.0,9.0,9.0,9.0,1,0,5
2020-01-22 14:30:00,1579703400,9.38,9.4,9.38,9.4,2,280,10
2020-01-22 14:45:00,1579704300,9.4,9.4,9.4,9.4,1,280,4
2020-01-23 10:30:00,1579775400,9.4,9.4,9.4,9.4,1,250,36
2020-01-23 12:45:00,1579783500,9.4,9.4,9.4,9.4,2,140,19
2020-01-24 12:15:00,1579868100,10.5,10.5,10.2,10.2,4,0,100
2020-01-24 12:30:00,1579869000,10.5,10.5,10.5,10.5,1,10,4
2020-01-24 12:45:00,1579869900,10.5,10.5,10.5,10.5,1,9,1
2020-01-24 13:00:00,1579870800,10.5,10.5,10.5,10.5,2,9,2
2020-01-24 13:15:00,1579871700,10.5,10.5,10.5,10.5,1,14,1
2020-01-24 13:45:00,1579873500,10.41,10.41,10.2,10.2,2,14,5
2020-01-24 14:00:00,1579874400,10.2,10.2,10.2,10.2,1,25,3
2020-01-24 16:00:00,1579881600,10.15,10.15,10.15,10.15,1,10,20
2020-01-27 14:45:00,1580136300,9.99,9.99,9.99,9.99,3,0,15
2020-01-27 15:45:00,1580139900,10.5,10.5,10.5,10.5,1,9,1
2020-01-28 10:30:00,1580207400,10.47,10.47,10.47,10.47,3,0,53
2020-01-28 11:00:00,1580209200,10.47,10.47,10.47,10.47,1,0,1
2020-01-28 11:15:00,1580210100,9.5,9.5,9.5,9.5,1,0,1
2020-01-28 14:45:00,1580222700,10.4,10.4,10.4,10.4,1,81,1
2020-01-29 17:45:00,1580319900,9.5,9.5,9.5,9.5,1,0,2
2020-01-30 13:30:00,1580391000,9.01,9.01,9.01,9.01,3,0,30
2020-02-03 11:15:00,1580728500,9.0,9.0,9.0,9.0,1,0,1
2020-02-03 12:00:00,1580731200,9.0,9.0,8.8,8.8,3,0,4
2020-02-03 12:15:00,1580732100,8.71,8.71,8.71,8.71,3,0,15
2020-02-04 11:45:00,1580816700,8.71,8.71,8.71,8.71,1,20,1
2020-02-05 15:45:00,1580917500,8.71,8.71,8.71,8.71,3,0,12
2020-02-05 16:15:00,1580919300,8.72,8.72,8.72,8.72,1,1,1
2020-02-05 17:45:00,1580924700,8.72,8.72,8.72,8.72,1,28,1
2020-02-07 10:45:00,1581072300,9.81,9.81,9.81,9.81,1,98,15
2020-02-10 13:30:00,1581341400,9.8,9.8,9.8,9.8,1,0,17
2020-02-10 14:00:00,1581343200,9.8,9.8,9.8,9.8,1,100,4
2020-02-10 15:30:00,1581348600,9.8,9.8,9.8,9.8,1,100,1
2020-02-10 16:00:00,1581350400,8.8,8.8,8.8,8.8,1,109,1
2020-02-12 14:45:00,1581518700,8.8,8.8,8.8,8.8,1,79,1
2020-02-12 16:45:00,1581525900,8.7,8.7,8.7,8.7,1,10,1
2020-02-13 12:45:00,1581597900,8.62,8.62,8.62,8.62,2,0,11
2020-02-13 14:15:00,1581603300,8.61,8.61,8.6,8.6,2,30,11
2020-02-13 15:00:00,1581606000,8.59,8.59,8.51,8.51,2,39,20
2020-02-13 16:15:00,1581610500,8.51,8.51,8.5,8.5,2,139,2
2020-02-14 11:00:00,1581678000,9.83,9.83,9.83,9.83,4,0,20
2020-02-14 14:00:00,1581688800,9.8,9.8,9.8,9.8,1,3,1
2020-02-17 11:00:00,1581937200,8.42,8.42,8.42,8.42,1,59,4
2020-02-17 12:15:00,1581941700,8.41,8.41,8.41,8.41,1,0,10
2020-02-17 12:30:00,1581942600,8.09,8.09,8.09,8.09,2,0,72
2020-02-18 13:00:00,1582030800,8.4,8.4,8.1,8.1,8,0,72
2020-02-20 11:15:00,1582197300,8.69,8.69,8.69,8.69,1,0,1
2020-02-20 11:30:00,1582198200,8.69,8.69,8.69,8.69,1,70,1
2020-02-20 13:45:00,1582206300,8.67,8.67,8.67,8.67,1,0,1
2020-02-20 14:00:00,1582207200,8.1,8.1,8.1,8.1,3,0,15
2020-02-20 14:45:00,1582209900,8.1,8.1,8.1,8.1,3,10,3
2020-02-20 16:30:00,1582216200,8.1,8.1,8.1,8.1,1,90,1
2020-02-21 16:30:00,1582302600,8.7,8.7,8.7,8.7,1,0,38
2020-02-27 10:30:00,1582799400,8.21,8.21,8.21,8.21,1,0,5
2020-02-28 17:00:00,1582909200,9.0,9.0,9.0,9.0,1,0,15
2020-03-05 12:30:00,1583411400,8.7,8.7,8.7,8.7,1,0,7
2020-03-05 12:45:00,1583412300,8.95,8.95,8.95,8.95,1,25,1
2020-03-05 18:00:00,1583431200,7.77,7.77,7.77,7.77,3,25,29
2020-03-09 13:30:00,1583760600,7.72,7.72,7.72,7.72,1,35,1
2020-03-09 15:00:00,1583766000,7.9,7.9,7.9,7.9,1,10,1
2020-03-09 16:00:00,1583769600,7.9,7.9,7.9,7.9,1,10,2
2020-03-10 13:15:00,1583846100,8.6,8.6,8.6,8.6,1,111,2
2020-03-11 16:15:00,1583943300,7.8,7.8,7.8,7.8,1,130,1
2020-03-16 16:00:00,1584374400,8.6,8.6,8.6,8.6,1,590,8
2020-03-17 12:45:00,1584449100,8.6,8.6,8.6,8.6,1,235,5
2020-03-17 13:15:00,1584450900,8.6,8.6,8.6,8.6,1,550,1
2020-03-19 14:45:00,1584629100,7.49,7.49,7.49,7.49,1,439,2
2020-03-19 15:00:00,1584630000,7.49,7.49,7.49,7.49,1,439,58
2020-03-26 10:00:00,1585216800,8.12,8.12,8.12,8.12,1,502,20
2020-03-26 11:00:00,1585220400,8.12,8.12,8.12,8.12,1,400,30
2020-04-07 10:00:00,1586253600,8.05,8.05,8.05,8.05,1,489,10
2020-04-08 10:45:00,1586342700,7.95,7.95,7.95,7.95,1,489,20
2020-04-08 11:45:00,1586346300,7.99,8.05,7.99,8.05,2,5,80
2020-04-08 15:30:00,1586359800,8.05,8.05,8.05,8.05,1,185,3
2020-04-14 12:45:00,1586868300,8.04,8.04,8.04,8.04,1,265,10
2020-04-15 15:15:00,1586963700,7.0,7.0,7.0,7.0,1,50,1
2020-04-22 12:30:00,1587558600,8.0,8.0,8.0,8.0,1,0,30
2020-04-22 13:30:00,1587562200,6.41,6.41,6.41,6.41,1,158,1
2020-05-04 10:00:00,1588586400,8.15,8.15,8.15,8.15,1,205,10
2020-05-06 10:30:00,1588761000,7.11,7.65,7.11,7.65,6,0,114
2020-05-06 13:00:00,1588770000,8.85,8.85,8.85,8.85,1,0,6
2020-05-07 10:15:00,1588846500,6.8,6.8,6.8,6.8,1,205,15
2020-05-07 11:00:00,1588849200,6.8,6.8,6.8,6.8,1,39,15
2020-05-07 12:00:00,1588852800,6.8,6.8,6.8,6.8,1,110,15
2020-05-11 12:30:00,1589200200,7.01,7.01,7.01,7.01,2,0,30
2020-05-12 11:00:00,1589281200,7.25,7.25,7.25,7.25,1,0,15
2020-05-12 15:30:00,1589297400,7.0,7.0,7.0,7.0,2,0,15
2020-05-13 16:00:00,1589385600,8.39,8.39,8.39,8.39,2,0,4
2020-05-18 14:45:00,1589813100,6.8,6.8,6.8,6.8,1,96,3
2020-05-20 11:45:00,1589975100,8.0,8.0,8.0,8.0,3,20,3
2020-05-20 15:00:00,1589986800,7.5,7.5,7.5,7.5,1,90,1
2020-05-26 14:45:00,1590504300,7.93,7.93,7.93,7.93,2,0,36
2020-05-27 17:00:00,1590598800,7.61,7.61,7.61,7.61,3,0,57
2020-05-28 13:00:00,1590670800,7.6899999999999995,7.6899999999999995,7.6899999999999995,7.6899999999999995,1,79,1
2020-05-28 16:00:00,1590681600,7.6899999999999995,7.6899999999999995,7.6899999999999995,7.6899999999999995,1,76,18
2020-05-29 11:00:00,1590750000,8.45,8.45,8.45,8.45,1,74,1
2020-06-01 12:00:00,1591012800,8.45,8.45,8.45,8.45,2,0,2
2020-06-01 13:15:00,1591017300,8.45,8.45,8.45,8.45,1,57,30
2020-06-03 11:45:00,1591184700,8.59,8.59,8.59,8.59,3,0,99
2020-06-03 13:15:00,1591190100,8.59,8.59,8.59,8.59,1,28,1
2020-06-04 15:30:00,1591284600,8.59,8.59,8.59,8.59,1,0,10
2020-06-04 16:00:00,1591286400,8.54,8.54,8.53,8.53,2,6,36
2020-06-08 13:30:00,1591623000,8.6,8.6,8.6,8.6,1,90,5
2020-06-15 11:15:00,1592219700,8.9,8.9,8.9,8.9,1,0,1
2020-06-18 13:45:00,1592487900,9.0,9.0,9.0,9.0,1,80,12
2020-06-18 15:15:00,1592493300,9.8,9.8,9.8,9.8,1,198,10
2020-06-24 12:15:00,1593000900,8.5,8.5,8.5,8.5,2,130,30
2020-06-25 15:15:00,1593098100,8.5,8.5,8.5,8.5,2,170,2
2020-06-26 13:45:00,1593179100,8.5,8.5,8.5,8.5,1,45,50
2020-06-26 14:00:00,1593180000,8.55,8.55,8.55,8.55,1,45,10
2020-06-26 14:15:00,1593180900,8.55,8.55,8.55,8.55,2,43,30
2020-06-26 14:30:00,1593181800,8.12,8.12,8.1,8.1,2,43,21
2020-06-26 16:00:00,1593187200,8.13,8.13,8.13,8.13,1,43,1
2020-06-29 11:45:00,1593431100,8.32,8.32,8.32,8.32,1,0,1
2020-06-29 13:30:00,1593437400,8.6,8.6,8.6,8.6,1,0,1
2020-06-29 13:45:00,1593438300,9.8,9.8,9.8,9.8,3,180,99
2020-06-30 12:00:00,1593518400,7.7,7.7,7.7,7.7,2,4,97
2020-06-30 16:00:00,1593532800,7.7,7.7,7.7,7.7,3,0,20
2020-07-01 12:15:00,1593605700,8.35,8.35,8.35,8.35,1,65,9
2020-07-01 12:30:00,1593606600,8.35,8.35,8.35,8.35,1,65,1
2020-07-01 14:45:00,1593614700,7.7,8.35,7.7,8.35,3,64,17
2020-07-01 15:30:00,1593617400,8.35,8.35,8.35,8.35,1,64,5
2020-07-02 14:45:00,1593701100,8.4,8.4,8.4,8.4,1,78,15
2020-07-03 11:15:00,1593774900,8.4,8.4,8.4,8.4,1,79,10
2020-07-03 11:30:00,1593775800,8.4,8.4,8.4,8.4,1,15,10
2020-07-03 15:00:00,1593788400,8.05,8.05,8.0,8.0,2,10,3
2020-07-03 16:00:00,1593792000,8.0,8.0,8.0,8.0,1,50,1
2020-07-06 10:45:00,1594032300,8.2,8.2,8.2,8.2,1,50,10
2020-07-06 12:30:00,1594038600,8.15,8.15,8.15,8.15,1,55,1
2020-07-06 12:45:00,1594039500,8.2,8.2,8.2,8.2,1,55,19
2020-07-06 13:00:00,1594040400,8.2,8.2,8.2,8.2,1,215,8
2020-07-07 10:00:00,1594116000,7.61,7.61,7.61,7.61,1,218,31
2020-07-10 10:30:00,1594377000,7.61,7.61,7.61,7.61,1,57,1
2020-07-13 10:30:00,1594636200,7.62,7.62,7.62,7.62,2,258,2
2020-07-20 12:15:00,1595247300,8.0,8.0,8.0,8.0,1,50,28
2020-07-21 12:15:00,1595333700,8.0,8.0,8.0,8.0,1,97,1
2020-07-22 12:00:00,1595419200,9.47,9.47,9.47,9.47,1,2,1
2020-07-22 13:45:00,1595425500,9.47,9.47,9.45,9.45,2,2,26
2020-07-22 15:30:00,1595431800,9.47,9.47,9.47,9.47,1,2,3
2020-07-22 16:00:00,1595433600,9.47,9.47,9.47,9.47,1,127,5
2020-07-23 10:30:00,1595500200,8.2,8.2,8.2,8.2,2,17,25
2020-07-23 12:15:00,1595506500,9.47,9.47,9.47,9.47,1,87,1
2020-07-23 14:45:00,1595515500,9.47,9.47,9.47,9.47,1,144,3
2020-07-23 15:30:00,1595518200,9.47,9.47,9.47,9.47,1,144,15
2020-07-24 12:00:00,1595592000,9.47,9.47,9.47,9.47,1,127,1
2020-07-24 13:30:00,1595597400,9.47,9.47,9.47,9.47,1,95,11
2020-07-27 10:00:00,1595844000,9.49,9.49,9.49,9.49,1,95,10
2020-07-27 11:00:00,1595847600,8.52,8.52,8.52,8.52,1,95,9
2020-07-27 12:30:00,1595853000,9.47,9.47,9.47,9.47,1,60,1
2020-07-27 13:45:00,1595857500,8.52,8.52,8.52,8.52,1,59,1
2020-07-27 14:00:00,1595858400,8.53,8.53,8.53,8.53,1,45,11
2020-07-27 15:15:00,1595862900,8.53,8.98,8.52,8.98,3,46,33
2020-07-28 14:30:00,1595946600,8.97,8.97,8.97,8.97,1,76,1
2020-07-28 15:30:00,1595950200,8.97,8.97,8.97,8.97,1,76,3
2020-07-29 10:45:00,1596019500,8.98,8.98,8.98,8.98,1,77,30
2020-07-30 13:30:00,1596115800,8.24,8.24,8.24,8.24,1,62,3
2020-07-30 14:45:00,1596120300,8.97,8.97,8.97,8.97,1,62,1
2020-07-30 16:00:00,1596124800,8.35,8.35,8.35,8.35,1,11,12
2020-08-03 10:45:00,1596451500,8.08,8.08,8.08,8.08,1,89,5
2020-08-03 14:45:00,1596465900,8.97,8.97,8.97,8.97,1,76,1
2020-08-04 11:15:00,1596539700,8.89,8.89,8.89,8.89,1,79,1
2020-08-04 12:45:00,1596545100,8.87,8.87,8.87,8.87,1,78,1
2020-08-06 11:15:00,1596712500,8.97,8.97,8.97,8.97,1,81,1
2020-08-10 10:00:00,1597053600,8.99,8.99,8.99,8.99,1,49,30
2020-08-10 10:15:00,1597054500,8.99,8.99,8.99,8.99,2,90,10
2020-08-10 10:30:00,1597055400,8.08,8.08,8.08,8.08,1,12,30
2020-08-10 10:45:00,1597056300,8.08,8.08,8.08,8.08,1,98,5
2020-08-10 12:15:00,1597061700,8.98,8.98,8.98,8.98,1,88,1
2020-08-11 13:30:00,1597152600,8.86,8.86,8.86,8.86,1,86,3
2020-08-12 11:15:00,1597230900,6.6,6.6,6.6,6.6,1,186,1
2020-08-13 13:00:00,1597323600,6.71,6.71,6.71,6.71,1,185,3
2020-08-14 10:30:00,1597401000,8.31,8.31,7.79,7.79,2,0,3
2020-08-18 12:45:00,1597754700,9.9,9.9,9.9,9.9,1,221,1
2020-08-18 14:30:00,1597761000,9.39,9.39,9.39,9.39,1,199,3
2020-08-19 15:00:00,1597849200,9.0,9.0,9.0,9.0,1,181,3
2020-08-21 13:45:00,1598017500,7.25,7.25,7.25,7.25,2,4,11
2020-08-24 14:45:00,1598280300,9.36,9.36,9.36,9.36,1,178,1
2020-08-26 10:15:00,1598436900,9.36,9.36,9.36,9.36,1,0,2
2020-08-26 10:30:00,1598437800,7.5,7.5,7.5,7.5,1,165,1
2020-08-26 16:45:00,1598460300,7.7,7.7,7.5,7.5,4,0,68
2020-08-28 15:15:00,1598627700,7.52,7.52,7.5,7.5,3,69,32
2020-08-31 10:30:00,1598869800,8.34,8.34,8.34,8.34,1,158,3
2020-08-31 14:30:00,1598884200,7.77,7.77,7.77,7.77,1,156,3
2020-09-01 10:45:00,1598957100,9.36,9.36,9.36,9.36,1,78,2
2020-09-01 16:30:00,1598977800,9.29,9.29,9.29,9.29,1,74,1
2020-09-02 16:15:00,1599063300,9.34,9.34,9.34,9.34,1,183,2
2020-09-03 14:30:00,1599143400,7.51,7.51,7.5,7.5,2,1,44
2020-09-09 13:00:00,1599656400,8.5,8.5,8.5,8.5,1,148,7
2020-09-09 13:30:00,1599658200,9.0,9.0,9.0,9.0,1,148,1
2020-09-10 10:15:00,1599732900,8.98,8.98,8.98,8.98,1,45,8
2020-09-10 13:15:00,1599743700,8.9,8.9,8.9,8.9,1,45,2
2020-09-11 16:30:00,1599841800,8.3,8.3,8.3,8.3,1,105,1
2020-09-14 14:00:00,1600092000,7.6,7.6,7.6,7.6,2,0,14
2020-09-14 14:30:00,1600093800,8.2,8.2,8.2,8.2,1,58,1
2020-09-14 15:00:00,1600095600,8.18,8.18,8.18,8.18,1,59,13
2020-09-15 13:15:00,1600175700,8.55,9.38,8.55,9.38,5,55,45
2020-09-16 12:00:00,1600257600,9.0,9.0,9.0,9.0,1,148,1
2020-09-18 10:15:00,1600424100,8.92,8.92,8.92,8.92,1,140,6
2020-09-23 12:30:00,1600864200,8.92,8.92,8.92,8.92,1,3,2
2020-09-23 12:45:00,1600865100,8.92,8.92,8.92,8.92,1,138,1
2020-09-23 15:15:00,1600874100,8.9,8.9,8.9,8.9,1,138,1
2020-09-25 11:30:00,1601033400,8.9,8.9,7.95,7.95,48,10,4654
2020-09-25 11:45:00,1601034300,8.8,8.8,7.95,8.8,81,90,8019
2020-09-25 12:00:00,1601035200,7.9,7.9,7.9,7.9,1,100,1
2020-09-28 10:30:00,1601289000,8.5,8.5,8.5,8.5,1,0,1
2020-09-29 13:45:00,1601387100,7.51,7.51,7.51,7.51,1,64,30
2020-09-29 14:00:00,1601388000,8.0,8.0,8.0,8.0,1,164,30
2020-09-29 16:30:00,1601397000,9.0,9.0,9.0,9.0,1,164,10
2020-09-30 10:00:00,1601460000,9.0,9.0,9.0,9.0,2,38,10
2020-10-01 10:00:00,1601546400,7.62,7.62,7.62,7.62,1,79,10
2020-10-01 10:45:00,1601549100,7.61,7.61,7.61,7.61,1,79,10
2020-10-01 14:30:00,1601562600,8.4,8.4,8.4,8.4,1,177,9
2020-10-02 12:30:00,1601641800,9.38,9.38,9.38,9.38,1,91,1
2020-10-05 10:15:00,1601892900,7.61,7.61,7.61,7.61,1,54,2
2020-10-14 15:15:00,1602688500,9.0,9.36,9.0,9.36,2,100,4
2020-10-15 12:30:00,1602765000,9.36,9.38,9.36,9.38,2,0,45
2020-10-28 10:15:00,1603880100,9.28,9.28,9.28,9.28,2,159,9
2020-10-30 12:00:00,1604059200,9.29,9.29,9.29,9.29,1,188,3
2020-11-05 10:45:00,1604573100,7.5,7.5,7.5,7.5,1,188,2
2020-11-10 12:30:00,1605011400,7.57,7.57,7.57,7.57,1,113,2
2020-11-24 16:30:00,1606235400,9.38,9.38,9.38,9.38,2,146,34
2020-11-24 17:00:00,1606237200,9.38,9.38,9.38,9.38,2,52,12
2020-11-26 11:45:00,1606391100,9.77,9.77,9.77,9.77,1,127,1
2020-11-26 13:00:00,1606395600,9.77,9.77,9.77,9.77,1,99,1
2020-11-27 12:45:00,1606481100,9.0,9.0,9.0,9.0,1,49,4
2020-11-30 12:30:00,1606739400,9.27,9.27,9.27,9.27,1,77,1
2020-12-01 13:30:00,1606829400,9.27,9.27,9.27,9.27,1,70,3
2020-12-02 12:15:00,1606911300,8.5,8.5,8.5,8.5,1,0,1
2020-12-02 12:30:00,1606912200,8.5,8.5,8.5,8.5,1,70,45
2020-12-03 12:15:00,1606997700,9.0,9.0,9.0,9.0,1,45,1
2020-12-03 12:30:00,1606998600,9.0,9.0,9.0,9.0,1,45,25
2020-12-03 12:45:00,1606999500,9.0,9.0,9.0,9.0,1,45,18
2020-12-03 13:30:00,1607002200,9.0,9.0,9.0,9.0,1,100,1
2020-12-03 14:15:00,1607004900,8.55,8.55,8.55,8.55,1,39,1
2020-12-07 10:45:00,1607337900,8.61,8.61,8.61,8.61,1,93,1
2020-12-07 11:45:00,1607341500,8.62,8.62,8.62,8.62,1,72,1
2020-12-09 10:45:00,1607510700,8.61,8.61,8.61,8.61,1,51,1
2020-12-15 12:45:00,1608036300,9.3,9.3,9.3,9.3,1,69,1
2020-12-17 10:45:00,1608201900,8.61,8.61,8.61,8.61,1,69,1
2020-12-17 12:45:00,1608209100,8.62,8.62,8.51,8.51,3,69,93
2020-12-17 13:15:00,1608210900,8.6,9.1,8.6,9.1,2,50,36
2020-12-17 13:45:00,1608212700,8.5,8.5,8.5,8.5,1,80,45
2020-12-22 15:45:00,1608651900,9.3,9.31,9.3,9.31,2,19,3
2020-12-28 10:00:00,1609149600,9.1,9.1,9.1,9.1,1,60,24
2020-12-28 11:30:00,1609155000,9.1,9.1,8.5,8.5,3,82,112
2020-12-28 12:00:00,1609156800,9.32,9.32,9.32,9.32,1,0,1
2020-12-28 12:15:00,1609157700,7.5,8.78,7.5,8.78,2,0,2
2020-12-28 12:30:00,1609158600,7.43,7.5,7.43,7.5,2,0,2
2020-12-28 12:45:00,1609159500,8.69,8.7,7.5,8.6,8,0,14
2020-12-28 13:00:00,1609160400,9.99,9.99,9.99,9.99,3,0,62
2020-12-28 13:15:00,1609161300,8.01,9.0,8.0,8.1,9,0,216
2020-12-28 13:30:00,1609162200,9.0,9.0,8.1,8.11,4,29,248
2020-12-28 14:00:00,1609164000,8.51,8.51,8.31,8.31,2,39,62
2020-12-28 14:30:00,1609165800,8.7,8.7,8.31,8.31,2,169,4
2020-12-29 10:30:00,1609237800,9.04,9.04,9.04,9.04,1,73,1
2020-12-29 10:45:00,1609238700,9.04,9.04,9.04,9.04,2,73,2
2020-12-29 11:00:00,1609239600,9.04,9.04,9.04,9.04,1,73,1
2021-01-07 16:00:00,1610035200,9.31,9.31,9.3,9.3,10,92,15
2021-01-08 10:15:00,1610100900,10.23,10.23,8.5,8.5,2,0,40
2021-01-08 11:15:00,1610104500,8.33,9.0,8.32,8.32,5,7,41
2021-01-11 14:45:00,1610376300,9.51,9.51,9.51,9.51,1,42,46
2021-01-12 11:00:00,1610449200,9.98,9.98,9.98,9.98,1,46,3
2021-01-12 11:45:00,1610451900,9.98,9.98,9.51,9.51,3,57,92
2021-01-12 13:15:00,1610457300,10.08,10.08,10.08,10.08,1,172,1
2021-01-12 14:00:00,1610460000,10.05,10.05,10.05,10.05,1,171,10
2021-01-12 15:15:00,1610464500,10.04,10.04,10.04,10.04,1,2,3
2021-01-13 10:45:00,1610534700,9.01,9.01,8.32,8.32,3,1,10
2021-01-13 12:00:00,1610539200,9.5,9.51,9.5,9.51,2,31,5
2021-01-13 15:45:00,1610552700,9.51,9.51,9.51,9.51,1,31,1
2021-01-14 13:00:00,1610629200,9.51,9.51,9.51,9.51,1,104,4
2021-01-18 11:15:00,1610968500,9.51,9.52,9.51,9.52,2,6,33
2021-01-18 11:30:00,1610969400,10.02,10.09,10.02,10.09,2,57,18
2021-01-18 12:00:00,1610971200,10.09,10.09,10.09,10.09,1,54,1
2021-01-20 10:15:00,1611137700,10.09,10.09,10.09,10.09,1,245,1
2021-01-20 10:30:00,1611138600,12.1,12.1,12.1,12.1,1,0,3
2021-01-20 11:45:00,1611143100,12.1,12.1,12.1,12.1,1,59,1
2021-01-20 12:00:00,1611144000,12.1,12.1,12.1,12.1,2,0,2
2021-01-20 17:00:00,1611162000,9.8,9.8,9.8,9.8,1,0,2
2021-01-21 14:15:00,1611238500,9.55,9.55,9.55,9.55,1,252,1
2021-01-21 15:30:00,1611243000,9.55,9.55,9.55,9.55,1,251,1
2021-01-22 15:45:00,1611330300,10.0,10.0,10.0,10.0,1,19,1
2021-01-26 10:45:00,1611657900,10.05,10.05,9.99,9.99,3,1,16
2021-01-26 11:45:00,1611661500,9.99,9.99,9.98,9.98,2,1,65
2021-01-26 12:45:00,1611665100,9.99,9.99,9.99,9.99,1,29,2
2021-01-26 13:00:00,1611666000,9.99,9.99,9.99,9.99,1,24,2
2021-01-26 13:15:00,1611666900,9.99,9.99,9.99,9.99,1,196,2
2021-01-26 13:45:00,1611668700,10.11,10.11,10.08,10.08,3,24,37
2021-01-26 16:00:00,1611676800,9.95,9.96,9.95,9.96,2,23,3
2021-01-26 16:15:00,1611677700,9.96,9.98,9.96,9.98,2,23,6
2021-01-27 15:45:00,1611762300,9.98,9.98,9.98,9.98,1,31,20
2021-01-27 17:15:00,1611767700,9.93,9.93,9.93,9.93,1,31,1
2021-01-28 10:00:00,1611828000,9.45,9.45,9.45,9.45,1,162,11
2021-01-28 16:15:00,1611850500,9.55,9.55,7.95,8.51,14,1,560
2021-01-28 16:30:00,1611851400,9.0,9.0,9.0,9.0,1,155,40
2021-01-28 16:45:00,1611852300,9.55,9.6,7.93,7.93,16,20,429
2021-02-02 11:00:00,1612263600,9.22,9.22,9.22,9.22,1,317,5
2021-02-02 11:15:00,1612264500,9.77,9.9,8.41,8.41,6,0,110
2021-02-02 15:15:00,1612278900,9.1,9.1,9.1,9.1,1,50,15
2021-02-03 13:30:00,1612359000,9.0,9.0,9.0,9.0,1,49,4
2021-02-05 10:45:00,1612521900,9.01,9.01,9.01,9.01,2,0,19
2021-02-05 15:30:00,1612539000,9.01,9.01,9.01,9.01,1,0,5
2021-02-08 14:30:00,1612794600,9.32,9.32,9.01,9.01,2,2,8
2021-02-09 11:45:00,1612871100,9.5,9.5,9.02,9.02,2,1,60
2021-02-09 16:00:00,1612886400,9.4,9.4,9.21,9.21,2,29,60
2021-02-10 14:45:00,1612968300,9.1,9.1,9.1,9.1,1,48,4
2021-02-11 13:00:00,1613048400,9.01,9.01,9.01,9.01,1,48,6
2021-02-12 17:15:00,1613150100,9.01,9.01,9.01,9.01,1,17,2
2021-02-17 17:30:00,1613583000,9.01,9.01,9.01,9.01,1,34,1
2021-02-19 11:00:00,1613732400,9.02,9.02,9.01,9.01,2,47,14
2021-02-22 10:45:00,1613990700,8.56,8.56,8.56,8.56,1,82,41
2021-02-24 15:30:00,1614180600,9.58,9.58,9.58,9.58,1,0,4
2021-02-24 15:45:00,1614181500,9.58,9.58,9.58,9.58,1,77,6
2021-02-25 15:15:00,1614266100,8.62,8.62,8.62,8.62,1,85,10
2021-02-26 16:30:00,1614357000,8.62,8.62,8.62,8.62,1,86,1
2021-03-02 15:00:00,1614697200,9.4,9.4,9.4,9.4,1,48,1
2021-03-11 14:00:00,1615471200,9.47,9.47,9.47,9.47,1,52,4
2021-03-11 14:15:00,1615472100,9.47,9.47,9.47,9.47,1,28,26
2021-03-11 14:30:00,1615473000,8.9,8.9,8.9,8.9,6,27,51
2021-03-15 10:15:00,1615803300,8.64,8.64,8.64,8.64,2,1,80
2021-03-15 10:45:00,1615805100,8.85,8.85,8.85,8.85,1,20,10
2021-03-15 11:00:00,1615806000,8.85,8.85,8.85,8.85,2,20,46
2021-03-15 12:30:00,1615811400,9.96,9.96,9.96,9.96,1,132,5
2021-03-16 16:45:00,1615913100,9.06,9.06,8.64,8.64,2,43,6
2021-03-18 10:45:00,1616064300,9.96,9.96,9.96,9.96,1,76,50
2021-03-19 12:30:00,1616157000,9.49,9.49,8.8,8.8,7,4,399
2021-03-22 13:15:00,1616418900,8.84,8.84,8.84,8.84,1,114,2
2021-03-24 16:00:00,1616601600,8.84,8.84,8.84,8.84,1,97,1
2021-03-25 10:15:00,1616667300,8.67,8.67,8.67,8.67,3,27,64
2021-03-25 11:45:00,1616672700,8.68,8.68,8.67,8.67,2,27,5
2021-03-25 15:00:00,1616684400,8.95,8.95,8.95,8.95,1,112,63
2021-03-26 11:45:00,1616759100,8.9,8.9,8.9,8.9,1,112,42
2021-03-30 16:15:00,1617120900,8.68,8.68,8.68,8.68,1,0,1
2021-03-31 15:30:00,1617204600,9.72,9.72,9.72,9.72,1,89,1
2021-04-05 10:45:00,1617619500,9.51,9.51,9.51,9.51,1,27,3
2021-04-05 16:00:00,1617638400,9.0,9.0,9.0,9.0,1,27,1
2021-04-13 14:00:00,1618322400,9.01,9.01,9.01,9.01,1,19,4
2021-04-13 14:30:00,1618324200,8.72,8.72,8.72,8.72,1,10,19
2021-04-13 14:45:00,1618325100,8.72,8.72,8.72,8.72,2,9,34
2021-04-13 17:00:00,1618333200,8.71,8.71,8.71,8.71,1,9,1
2021-04-14 10:00:00,1618394400,8.71,8.71,8.71,8.71,1,29,6
2021-04-15 16:15:00,1618503300,8.63,8.63,8.63,8.63,1,1,4
2021-04-15 16:30:00,1618504200,8.63,8.63,8.63,8.63,1,87,40
2021-04-19 12:30:00,1618835400,8.63,8.63,8.62,8.62,2,85,5
2021-04-19 14:15:00,1618841700,8.38,8.38,8.38,8.38,2,38,25
2021-04-19 16:30:00,1618849800,8.38,8.38,8.38,8.38,1,110,2
2021-04-22 10:00:00,1619085600,8.52,8.52,8.52,8.52,1,40,1
2021-04-23 16:15:00,1619194500,9.05,9.05,9.05,9.05,1,41,1
2021-04-23 16:45:00,1619196300,8.93,8.93,8.93,8.93,1,53,1
2021-04-27 10:15:00,1619518500,9.01,9.01,9.01,9.01,1,94,1
2021-04-28 10:00:00,1619604000,9.01,9.01,9.01,9.01,1,122,6
2021-04-30 16:30:00,1619800200,8.17,8.17,8.0,8.0,3,16,66
2021-05-04 12:45:00,1620132300,8.04,8.04,8.04,8.04,1,141,2
2021-05-24 10:30:00,1621852200,8.3,8.3,8.3,8.3,1,117,3
2021-05-26 12:45:00,1622033100,8.3,8.3,8.3,8.3,3,0,25
2021-06-01 11:45:00,1622547900,9.47,9.5,9.47,9.5,6,0,23
2021-06-01 13:00:00,1622552400,9.92,9.92,9.92,9.92,1,36,2
2021-06-01 13:15:00,1622553300,9.92,11.22,9.92,11.22,4,36,15
2021-06-04 10:00:00,1622800800,10.29,10.29,10.29,10.29,2,72,43
2021-06-04 10:30:00,1622802600,10.32,10.32,10.32,10.32,1,71,12
2021-06-04 16:00:00,1622822400,9.61,9.61,9.61,9.61,2,58,2
2021-06-07 10:15:00,1623060900,10.31,10.31,10.31,10.31,1,72,1
2021-06-07 11:00:00,1623063600,9.59,9.59,9.59,9.59,1,160,1
2021-06-09 13:45:00,1623246300,10.0,10.0,10.0,10.0,4,38,10
2021-06-15 10:00:00,1623751200,10.36,10.36,10.36,10.36,1,167,1
2021-06-16 13:15:00,1623849300,9.11,9.11,9.11,9.11,1,59,1
2021-06-17 14:15:00,1623939300,8.52,8.52,8.52,8.52,1,167,8
2021-06-17 14:45:00,1623941100,8.51,8.51,8.51,8.51,1,177,18
2021-06-24 10:15:00,1624529700,9.0,9.0,9.0,9.0,1,134,9
2021-06-28 10:15:00,1624875300,9.0,9.0,9.0,9.0,2,5,30
2021-06-28 14:45:00,1624891500,9.05,9.05,9.05,9.05,1,133,1
2021-07-06 13:30:00,1625578200,9.05,9.05,9.05,9.05,1,64,13
2021-07-06 16:00:00,1625587200,8.41,8.41,8.41,8.41,1,64,1
2021-07-06 16:45:00,1625589900,9.05,9.05,9.05,9.05,1,70,2
2021-07-12 10:30:00,1626085800,10.31,10.31,10.31,10.31,1,24,1
2021-07-14 13:00:00,1626267600,8.51,8.51,8.51,8.51,1,34,1
2021-07-14 16:00:00,1626278400,8.85,8.85,8.85,8.85,2,34,18
2021-07-15 13:00:00,1626354000,10.26,10.26,10.26,10.26,1,182,1
2021-07-16 11:15:00,1626434100,8.81,8.81,8.81,8.81,1,145,1
2021-07-26 13:00:00,1627304400,8.8,8.8,8.8,8.8,1,46,2
2021-07-27 15:30:00,1627399800,8.8,8.8,8.8,8.8,1,20,1
2021-07-27 15:45:00,1627400700,8.8,8.8,8.8,8.8,1,20,7
2021-08-05 14:15:00,1628172900,8.11,8.11,8.11,8.11,1,78,8
2021-08-05 15:00:00,1628175600,8.21,8.21,8.21,8.21,1,18,1
2021-08-05 16:45:00,1628181900,8.98,8.98,8.98,8.98,1,89,13
2021-08-06 15:45:00,1628264700,9.0,9.0,9.0,9.0,1,41,1
2021-08-12 10:45:00,1628765100,9.0,9.0,9.0,9.0,1,40,1
2021-08-13 12:00:00,1628856000,8.9,8.9,8.9,8.9,1,29,1
2021-08-13 13:45:00,1628862300,8.61,8.61,8.61,8.61,1,117,2
2021-08-13 17:00:00,1628874000,9.97,9.97,9.97,9.97,3,117,10
2021-08-23 14:00:00,1629727200,8.35,8.35,8.35,8.35,1,197,7
2021-08-25 11:15:00,1629890100,9.15,9.15,9.15,9.15,1,99,1
2021-08-25 13:15:00,1629897300,9.15,9.15,9.15,9.15,1,99,1
2021-08-25 13:30:00,1629898200,9.15,9.15,9.15,9.15,1,99,9
2021-08-26 14:15:00,1629987300,9.15,9.15,9.15,9.15,1,84,1
2021-08-26 15:45:00,1629992700,9.15,9.15,9.15,9.15,1,84,1
2021-08-27 10:30:00,1630060200,8.31,8.31,8.31,8.31,2,14,32
2021-08-27 11:15:00,1630062900,8.01,8.15,8.01,8.15,2,14,47
2021-08-31 13:45:00,1630417500,8.41,8.41,8.41,8.41,1,59,1
2021-09-01 13:15:00,1630502100,8.2,8.2,8.2,8.2,1,70,3
2021-09-02 11:30:00,1630582200,8.65,8.65,8.65,8.65,2,24,18
2021-09-02 14:30:00,1630593000,8.16,8.16,8.16,8.16,1,198,32
2021-09-06 14:30:00,1630938600,8.5,8.5,8.5,8.5,1,164,1
2021-09-17 13:30:00,1631885400,8.5,8.5,8.5,8.5,1,152,1
2021-09-24 10:30:00,1632479400,8.61,8.61,8.05,8.05,4,28,9
2021-10-13 16:15:00,1634141700,8.0,8.0,8.0,8.0,1,89,1
2021-10-21 13:30:00,1634823000,8.63,8.63,8.63,8.63,1,0,1
2021-10-21 13:45:00,1634823900,8.63,8.63,8.63,8.63,5,0,5
2021-10-25 10:30:00,1635157800,8.63,8.63,8.63,8.63,1,7,9
2021-10-25 11:30:00,1635161400,8.7,9.55,8.7,9.55,4,7,70
2021-10-25 12:45:00,1635165900,9.55,10.35,9.55,9.55,8,0,75
2021-10-25 13:45:00,1635169500,17.2,17.2,17.2,17.2,4,0,35
2021-10-25 16:30:00,1635179400,15.6,15.6,15.6,15.6,1,697,1
2021-10-25 17:00:00,1635181200,8.63,8.63,8.63,8.63,2,697,35
2021-10-26 13:15:00,1635254100,10.9,10.9,10.9,10.9,3,60,5
2021-10-26 13:30:00,1635255000,10.9,10.9,10.9,10.9,1,60,1
2021-10-26 14:00:00,1635256800,11.5,11.61,11.5,11.61,4,107,12
2021-10-26 14:30:00,1635258600,12.63,12.63,10.9,10.9,3,107,3
2021-10-27 12:00:00,1635336000,9.48,9.48,9.48,9.48,4,102,24
2021-10-27 12:15:00,1635336900,9.48,9.48,9.48,9.48,1,151,1
2021-10-27 12:45:00,1635338700,8.99,8.99,8.99,8.99,1,121,1
2021-10-27 16:15:00,1635351300,10.2,10.2,10.2,10.2,2,30,10
2021-10-28 16:15:00,1635437700,8.99,8.99,8.99,8.99,1,27,1
2021-10-29 11:45:00,1635507900,8.64,8.64,8.64,8.64,1,20,5
2021-11-01 12:45:00,1635770700,8.79,8.79,8.79,8.79,1,165,1
